transactions_id,payment_id,event_name,Fest,student_id,ticket_id ,,,
69877b8a000994fa0188,pay_SDLPZFAwW46gmN,RJ hunt,BRAHMA,brah_28316,69877b7d002b540c2e5b,,,
69877b7e002ddf33516a,pay_SDLPZFAwW46gmN,RJ hunt,BRAHMA,brah_28316,69877b7d002b540c2e5b,,,
698772110039c71ec930,pay_SDKiSD4DSMUkKS,Game of rooms (feb 8),BRAHMA,brah_33315,6987720100357644749b,,,
69877202003919c987e6,pay_SDKiSD4DSMUkKS,Game of rooms (feb 8),BRAHMA,brah_33315,6987720100357644749b,,,
69876673001ef11f7a1c,pay_SDJsEyxdFnTPKM,Popcorn Brainstorm,BRAHMA,brah_72730,6987666400336ba7d30d,,,
6987666500371e46fecb,pay_SDJsEyxdFnTPKM,Popcorn Brainstorm,BRAHMA,brah_72730,6987666400336ba7d30d,,,
698755470019c21ec38c,pay_SDIchX7MvNy78z,RJ hunt,BRAHMA,brah_61899,6987553a001f2da91a75,,,
6987553b002222923584,pay_SDIchX7MvNy78z,RJ hunt,BRAHMA,brah_61899,6987553a001f2da91a75,,,
698732090033ffbf568e,pay_SDG3zPs3Px2Hqw,RC Lapz,BRAHMA,brah_41737,698731f80009a663b5dc,,,
698731f9000c52ffc8e4,pay_SDG3zPs3Px2Hqw,RC Lapz,BRAHMA,brah_41737,698731f80009a663b5dc,,,
698730c30038ffd8caa4,pay_SDFy8XP6mWDTjq,RC Lapz,BRAHMA,brah_60763,698730c2002e12b13fb7,,,
69872af3000bcf079c3e,pay_SDFYA8rptjKc3U,RJ hunt,BRAHMA,brah_96943,69872ae4002fd2f9fd97,,,
69872ae50032c536268f,pay_SDFYA8rptjKc3U,RJ hunt,BRAHMA,brah_96943,69872ae4002fd2f9fd97,,,
69872a85003a99c4d0ce,pay_SDFVpC660LXTBd,RC Lapz,BRAHMA,ash_72961,69872a72000648f9f8d8,,,
69872a73000920acb332,pay_SDFVpC660LXTBd,RC Lapz,BRAHMA,ash_72961,69872a72000648f9f8d8,,,
698727ca000020f74b95,pay_SDFJwkaOLtixc7,RC Lapz,BRAHMA,brah_26973,698727bb003a4407c96c,,,
698727bc003c199d0e0c,pay_SDFJwkaOLtixc7,RC Lapz,BRAHMA,brah_26973,698727bb003a4407c96c,,,
6987273400030ab5564a,pay_SDFHEQqaez4pYF,RC Lapz,BRAHMA,brah_68682,69872722002c06bc5c72,,,
69872723002f2b134cfb,pay_SDFHEQqaez4pYF,RC Lapz,BRAHMA,brah_68682,69872722002c06bc5c72,,,
69872242002d07e1223f,pay_SDEvOLKtJklba1,Shootout Clash,BRAHMA,ash_78746,6987224100286a33e387,,,
69872057000396c0110d,pay_SDEmDas74f7D9y,RC Lapz,BRAHMA,brah_59572,6987204100034ad72254,,,
6.99E+19,pay_SDEmDas74f7D9y,RC Lapz,BRAHMA,brah_59572,6987204100034ad72254,,,
69871d5d000439becb92,pay_SDEXvUVD7w1Val,RJ hunt,BRAHMA,brah_90513,69871d4b001a190ee6c9,,,
69871d4c001eafcd42c9,pay_SDEXvUVD7w1Val,RJ hunt,BRAHMA,brah_90513,69871d4b001a190ee6c9,,,
69871cd300320d6dbc4c,pay_SDEWQqzlgfMwvk,FPGA WORKSHOP,BRAHMA,brah_84790,69871cc1003d46c1865f,,,
69871cc3000503b43c1d,pay_SDEWQqzlgfMwvk,FPGA WORKSHOP,BRAHMA,brah_84790,69871cc1003d46c1865f,,,
698718bb003cf5351e3b,pay_SDE27VjFSwTxfe,RC Lapz,BRAHMA,ash_49181,69871647000088d19074,,,
698716dd0038575b585c,pay_SDE5Qqpnnc7Inr,Carnival Nexus (feb 6),BRAHMA,brah_99086,698716c700393f7f82ba,,,
698716c8003b6eb8bcff,pay_SDE5Qqpnnc7Inr,Carnival Nexus (feb 6),BRAHMA,brah_99086,698716c700393f7f82ba,,,
698716480002a301051f,pay_SDE27VjFSwTxfe,RC Lapz,BRAHMA,ash_49181,69871647000088d19074,,,
698715860023878724da,pay_SDDzSKyqnPnI10,RC Lapz,BRAHMA,brah_70804,6987156f0006bc8599b5,,,
6987157000096b55a69f,pay_SDDzSKyqnPnI10,RC Lapz,BRAHMA,brah_70804,6987156f0006bc8599b5,,,
6987156d00186ea4f415,pay_SDDz5jp8Uo6rFY,Carnival Nexus (feb 6),BRAHMA,brah_28544,6987155f0034e2eda7bf,,,
6987156000376fb5e535,pay_SDDz5jp8Uo6rFY,Carnival Nexus (feb 6),BRAHMA,brah_28544,6987155f0034e2eda7bf,,,
6987153a0018dea6d5be,pay_SDDyHV6tizWi1e,Carnival Nexus (feb 6),BRAHMA,brah_58121,6987152a00232cd3e210,,,
6987152b00262fa3822b,pay_SDDyHV6tizWi1e,Carnival Nexus (feb 6),BRAHMA,brah_58121,6987152a00232cd3e210,,,
698714fa0007d15c7ff9,pay_SDDwwc8x4GwdHS,Carnival Nexus (feb 6),BRAHMA,ash_92791,698714e5000d5be1ff24,,,
698714e600111524abdb,pay_SDDwwc8x4GwdHS,Carnival Nexus (feb 6),BRAHMA,ash_92791,698714e5000d5be1ff24,,,
6.99E+19,pay_SDDf72zQAiV053,RC Lapz,BRAHMA,brah_98352,698710ee002e11c658e6,,,
698710ef0031d8f49ccc,pay_SDDf72zQAiV053,RC Lapz,BRAHMA,brah_98352,698710ee002e11c658e6,,,
698710380030e8f76e3f,pay_SDDbo9oc3xNBXF,RC Lapz,BRAHMA,brah_93463,6987102d0003a7f6b3b4,,,
6987102e00100360ac80,pay_SDDbo9oc3xNBXF,RC Lapz,BRAHMA,brah_93463,6987102d0003a7f6b3b4,,,
69870ed60006cea50f4e,pay_SDDVIMEfKCy1sn,RC Lapz,BRAHMA,brah_20467,69870ec0002c9420a908,,,
69870ec1002ffe86c2ef,pay_SDDVIMEfKCy1sn,RC Lapz,BRAHMA,brah_20467,69870ec0002c9420a908,,,
69870d270002fa6cf2ee,pay_SDDMpk0f7cYXM3,RC Lapz,BRAHMA,brah_29942,69870d14000afbfadc97,,,
69870d15000d20cc9998,pay_SDDMpk0f7cYXM3,RC Lapz,BRAHMA,brah_29942,69870d14000afbfadc97,,,
69870cca000dfe717962,pay_SDDMDCRl3lOgJA,RC Lapz,BRAHMA,brah_22759,69870cbd002257b9a76e,,,
69870cbe0025b425afe9,pay_SDDMDCRl3lOgJA,RC Lapz,BRAHMA,brah_22759,69870cbd002257b9a76e,,,
6986ffe30032af00f964,pay_SDCQSRLBOD23vm,Soapy soccer,BRAHMA,brah_53066,6986ffe2002e30284b16,,,
6986ffe3002246c3120e,pay_SDCQSRLBOD23vm,Soapy soccer,BRAHMA,brah_53066,6986ffe2001dd7681c39,,,
6986f58a001eee266c23,pay_SDBfpgcCYyY57t,Soapy soccer,BRAHMA,ash_25295,6986f589001c524487f9,,,
6986f35a000d9b9c92b0,pay_SDBVjvdJkjJfSj,Knives out,BRAHMA,brah_15594,6986f359000b2c79769f,,,
6986f27c00368faaa523,pay_SDBS4wjElXN8fT,Retro Carroms,BRAHMA,ash_96604,6986f27b003376452c85,,,
6986ef520036a643ad91,pay_SDBDoXjHIP9fY0,Shootout Clash,BRAHMA,brah_93198,6986ef510030a77df30d,,,
6986ebd2000ff4b52c11,pay_SDAy1B4L626XQH,Knives out,BRAHMA,brah_46571,6986ebd1000c91adb61e,,,
6986eb4b003394ae79ff,pay_SDAvfIbVSfoKN6,Soapy soccer,BRAHMA,ash_94996,6986eb4a00313190ee73,,,
6986e9cd001213c1dad6,pay_SDAovWwXiegdd1,Knives out,BRAHMA,brah_84073,6986e9cc000be0769a14,,,
6986e66f00314cc141e0,pay_SDAZkwv9uWKKxX,Knives out,BRAHMA,brah_82399,6986e66e002f56eeb0aa,,,
6986e62e002a3e041f75,pay_SDAYcUK6uOoQ11,Knives out,BRAHMA,ash_69126,6986e62d002637bdafb3,,,
6986e5a30011050ece5a,pay_SDAVaotRJ4ubIf,Carnival Nexus (feb 6),BRAHMA,brah_90193,6986e58d0011d2441c24,,,
6986e58e001523ae4193,pay_SDAVaotRJ4ubIf,Carnival Nexus (feb 6),BRAHMA,brah_90193,6986e58d0011d2441c24,,,
6986e47e0015ea9a3578,pay_SDAQObw9bwjTpJ,Robo soccer,BRAHMA,brah_70211,6986e461002bd7e100ed,,,
6986e462002e59bff193,pay_SDAQObw9bwjTpJ,Robo soccer,BRAHMA,brah_70211,6986e461002bd7e100ed,,,
6986e25c0016f3ca41e2,pay_SDAHOgQk1Qfw2a,Knives out,BRAHMA,brah_58136,6986e25b00125612a703,,,
6986e00a000a14a58511,pay_SDA5snCK4EtpXd,RC Lapz,BRAHMA,brah_76035,6986dfe30005ba87e3f6,,,
6986e004000f7941939e,pay_SDA67RetjfujCh,RC Lapz,BRAHMA,brah_31301,6986dfeb001beb5caf15,,,
6986dfec001f9fd0333d,pay_SDA67RetjfujCh,RC Lapz,BRAHMA,brah_31301,6986dfeb001beb5caf15,,,
6986dfe4000a120359fd,pay_SDA5snCK4EtpXd,RC Lapz,BRAHMA,brah_76035,6986dfe30005ba87e3f6,,,
6986df81002e1136e386,pay_SDA4WiLs3XFEys,Game of rooms (FEB 7),BRAHMA,ash_93957,6986df80002a34c79d94,,,
6986df71000ce34008b3,pay_SDA4FAh016MniM,Shootout Clash,BRAHMA,brah_22559,6986df7000082010ca68,,,
6986df2f00037b710930,pay_SDA2YihgRJsQzt,RC Lapz,BRAHMA,brah_96230,6986df20003a28a5ba90,,,
6986df220000ca267a58,pay_SDA2YihgRJsQzt,RC Lapz,BRAHMA,brah_96230,6986df20003a28a5ba90,,,
6986de7e001c009adf01,pay_SD9zc51DYd06Zp,RC Lapz,BRAHMA,brah_82440,6986de700009817e99a7,,,
6986de71000bf9d4d70f,pay_SD9zc51DYd06Zp,RC Lapz,BRAHMA,brah_82440,6986de700009817e99a7,,,
6986de1700353440abe4,pay_SD9xd3UIR3WaCP,RC Lapz,BRAHMA,brah_45643,6986de0a0012614642ed,,,
6986de11001dff5b80f2,pay_SD9xXYQDn7269i,RC Lapz,BRAHMA,brah_45332,6986de04000977e8af71,,,
6986de0b0015fd035714,pay_SD9xd3UIR3WaCP,RC Lapz,BRAHMA,brah_45643,6986de0a0012614642ed,,,
6986de05000cce070029,pay_SD9xXYQDn7269i,RC Lapz,BRAHMA,brah_45332,6986de04000977e8af71,,,
6986db890017d9331ee1,pay_SD9lxgMgibxaTu,Robo soccer,BRAHMA,brah_56608,6986db79000011955c4f,,,
6986db7a00030c253a0d,pay_SD9lxgMgibxaTu,Robo soccer,BRAHMA,brah_56608,6986db79000011955c4f,,,
6986d7870028b5c2d4f2,pay_SD9UZuBYJnq6S9,Knives out,BRAHMA,brah_62488,6986d7860024cbf429b1,,,
6986d775000ebac67b08,pay_SD9UFpdNFEafPv,Knives out,BRAHMA,brah_81919,6986d7740006506f369e,,,
6986d7570023ce47da4a,pay_SD9TiRg94NmPnd,Game of rooms (FEB 7),BRAHMA,ash_48505,6986d7560021593e2ba6,,,
6986d6f40003ba6e7b23,pay_SD9Ra7TV38rtze,Robo soccer,BRAHMA,ash_60961,6986d6f30001ac148b31,,,
6986d64b0031c6b0484a,pay_SD9P1AQrJCtgV9,Knives out,BRAHMA,ash_93957,6986d64a002c2f313f45,,,
6986d31f000827abe05d,pay_SD9Ai5iwDCXxOr,Retro Carroms,BRAHMA,brah_73589,6986d31d003be91c86d3,,,
6986d2e1001322d5032b,ADMIN_MANUAL,Mudhra (Bharathanatyam),BRAHMA,brah_85542,6986d2e1002625edf86b,,,
6986d1b0001f58301306,pay_SD94FkFw7CoalV,Underarm Cricket,BRAHMA,brah_11429,6986d1af001886411d08,,,
6986d0030005aaffc70c,pay_SD8w9EqQBA0WZ1,Game of rooms (FEB 7),BRAHMA,brah_31021,6986cff50012ba05222d,,,
6986cff6001747788697,pay_SD8w9EqQBA0WZ1,Game of rooms (FEB 7),BRAHMA,brah_31021,6986cff50012ba05222d,,,
6986cf01000c19274532,pay_SD8reuv65A2OPW,Robo soccer,BRAHMA,ash_46717,6986cef20036079b65b1,,,
6986cef300383ab86b70,pay_SD8reuv65A2OPW,Robo soccer,BRAHMA,ash_46717,6986cef20036079b65b1,,,
6986cdd4002ccc6fdc7a,pay_SD8mNzlnhb7xxu,Game of rooms (FEB 7),BRAHMA,ash_64041,6986cdc500159c14c90f,,,
6986cdc6001a904c6623,pay_SD8mNzlnhb7xxu,Game of rooms (FEB 7),BRAHMA,ash_64041,6986cdc500159c14c90f,,,
6986cd75002750525b02,pay_SD8kjW1q2c7Kmy,Robo soccer,BRAHMA,brah_91798,6986cd67003b3554c60a,,,
6986cd6900003539d69d,pay_SD8kjW1q2c7Kmy,Robo soccer,BRAHMA,brah_91798,6986cd67003b3554c60a,,,
6986ccb800336e3c91d1,pay_SD8hVkEO78P4Zy,Game of rooms (FEB 7),BRAHMA,brah_68333,6986ccab0007bbf94fc0,,,
6986ccac000b2220387a,pay_SD8hVkEO78P4Zy,Game of rooms (FEB 7),BRAHMA,brah_68333,6986ccab0007bbf94fc0,,,
6986cc1600053ae9a02a,pay_SD8bXf4o5SioxM,Game of rooms (FEB 7),BRAHMA,ash_94360,6986cc1500024f0257a6,,,
6986cb27000059e38a74,pay_SD8aZrLe9Z80KA,Retro Carroms,BRAHMA,brah_68970,6986cb25003d8b61fd91,,,
6986cb22003dfac5cde6,pay_SD8aFWY7i7i7v9,Game of rooms (FEB 7),BRAHMA,ash_54806,6986cb1000368b01c645,,,
6986cb11003942600f7f,pay_SD8aFWY7i7i7v9,Game of rooms (FEB 7),BRAHMA,ash_54806,6986cb1000368b01c645,,,
6986ca5e001b219578a9,pay_SD8XFt2L150Hbz,Shootout Clash,BRAHMA,brah_61960,6986ca5d0015e966491e,,,
6986c801002457782212,pay_SD8MB3LUtfa0TW,Fifa Fever,BRAHMA,brah_20467,6986c7f3001e0f6d7f72,,,
6986c7f800114937791d,pay_SD8Lq2EP80kEt1,Challenger Arena (FEb 8),BRAHMA,brah_23381,6986c7e00033fff50c4c,,,
6986c7f40021acb9a24e,pay_SD8MB3LUtfa0TW,Fifa Fever,BRAHMA,brah_20467,6986c7f3001e0f6d7f72,,,
6986c7e10037ac06c40a,pay_SD8Lq2EP80kEt1,Challenger Arena (FEb 8),BRAHMA,brah_23381,6986c7e00033fff50c4c,,,
6986c77e00251c3d62a8,pay_SD8KIZC1ZCY5iL,Civil Clash,BRAHMA,brah_84930,6986c77d002077b65e6e,,,
6986c71d0020b535002e,pay_SD8IaoChZrAIOh,Game of rooms (FEB 7),BRAHMA,ash_46206,6986c71c00195614046e,,,
6986c6fc001f6ad6c77b,pay_SD8HeD7pOjWBvm,MILITIA MADNESS,BRAHMA,ash_64430,6986c6fb001d1278826f,,,
6986c6c80029ef88b1a5,pay_SD8H6R7qWb7dr5,Product Pioneers,BRAHMA,ash_19416,6986c6c700256b326c52,,,
6986c651002cbf63def2,pay_SD8F0l72fLtn8X,Web Craft,BRAHMA,ash_40132,6986c650002a390b9745,,,
6986c4e90033820a801c,pay_SD88fr0dQReiRo,Civil Clash,BRAHMA,ash_13701,6986c4e8003086ae07d9,,,
6986c4a90037ca8cf513,pay_SD87Y7XulMuHob,Game of rooms (FEB 7),BRAHMA,ash_70514,6986c4a800333c12effd,,,
6986c35800204bfd38dd,pay_SD817CwQp0VtqS,Fifa Fever,BRAHMA,brah_48218,6986c345000a7c7a8f2e,,,
6986c346000ed3a27d6c,pay_SD817CwQp0VtqS,Fifa Fever,BRAHMA,brah_48218,6986c345000a7c7a8f2e,,,
6986c302003ab60d7315,pay_SD805nTiDOMJbP,Web Craft,BRAHMA,ash_31268,6986c30100374bcd079b,,,
6986bf3e000cca033394,pay_SD7isa2JN786iY,Web Craft,BRAHMA,ash_60542,6986bf2f00361caee72b,,,
6986bf300039cf2e96b5,pay_SD7isa2JN786iY,Web Craft,BRAHMA,ash_60542,6986bf2f00361caee72b,,,
6986be4c0038122d358d,pay_SD7erjsLlRSeql,Web Craft,BRAHMA,ash_78746,6986be4b0033bbebbcc8,,,
6986be31002075b71290,pay_SD7eO9xliBhGi5,Game of rooms (FEB 7),BRAHMA,brah_34179,6986be30001be4727d6e,,,
6986bce3003e2734fd9d,pay_SD7Y18RtyxUh29,Game of rooms (FEB 7),BRAHMA,ash_17553,6986bcd200187a5951a7,,,
6986bcd300245e1228bb,pay_SD7Y18RtyxUh29,Game of rooms (FEB 7),BRAHMA,ash_17553,6986bcd200187a5951a7,,,
6986baa8003bc5feb219,pay_SD7O5Cuv7ma28B,Web Craft,BRAHMA,ash_98196,6986ba9c002167891617,,,
6986ba9d0024ee0b5df7,pay_SD7O5Cuv7ma28B,Web Craft,BRAHMA,ash_98196,6986ba9c002167891617,,,
6986ba9600205161b9a3,pay_SD7NCfaCDEyMkv,Web Craft,BRAHMA,ash_80531,6986ba95001ce50bafc9,,,
6986b8de001478ba746d,pay_SD7FqNy4hBdapN,Soapy soccer,BRAHMA,brah_12284,6986b8cd003bfb6e9c6a,,,
6986b8cf0005a1d6308f,pay_SD7FqNy4hBdapN,Soapy soccer,BRAHMA,brah_12284,6986b8cd003bfb6e9c6a,,,
6986b865001a2db3c916,pay_SD7DpbRTNOQZOi,Web Craft,BRAHMA,brah_17620,6986b85800197e07cf33,,,
6986b859001d205b4556,pay_SD7DpbRTNOQZOi,Web Craft,BRAHMA,brah_17620,6986b85800197e07cf33,,,
6986b6af002b2c51383a,pay_SD76B1vHrT6xqt,Civil Clash,BRAHMA,brah_38794,6986b6a1001978e7895a,,,
6986b6a2001be5786561,pay_SD76B1vHrT6xqt,Civil Clash,BRAHMA,brah_38794,6986b6a1001978e7895a,,,
6986b31c0021cc2b7e95,pay_SD6q2adlP6kWQj,MILITIA MADNESS,BRAHMA,brah_21981,6986b3100010e5f5cee0,,,
6986b31100176b450755,pay_SD6q2adlP6kWQj,MILITIA MADNESS,BRAHMA,brah_21981,6986b3100010e5f5cee0,,,
6986b2a700290ec02817,pay_SD6mLBc31iqgxq,Knives out,BRAHMA,ash_80531,6986b28400279ba5e289,,,
6986b2860002b9457960,pay_SD6mLBc31iqgxq,Knives out,BRAHMA,ash_80531,6986b28400279ba5e289,,,
6986a1c90038eb58edeb,pay_SD5a6NfTLJLwxC,Antenna Design Workshop,BRAHMA,brah_62751,6986a1c8003250c36517,,,
6986a137002d9715d456,pay_SD5XNdXHhy4sYd,Antenna Design Workshop,BRAHMA,brah_95795,6986a12700352f617283,,,
6986a1280037ca4bda46,pay_SD5XNdXHhy4sYd,Antenna Design Workshop,BRAHMA,brah_95795,6986a12700352f617283,,,
6986a0ba0004c06f83ac,pay_SD5V8lIRwffzbz,Challenger Arena (feb 7),BRAHMA,brah_21981,6986a0a9003988736f7e,,,
6986a0aa003db9f57889,pay_SD5V8lIRwffzbz,Challenger Arena (feb 7),BRAHMA,brah_21981,6986a0a9003988736f7e,,,
69869e4300169b12aba9,pay_SD5JeDSzMRLop8,Antenna Design Workshop,BRAHMA,ash_59201,69869e35003601e623da,,,
69869e37000256fa4e52,pay_SD5JeDSzMRLop8,Antenna Design Workshop,BRAHMA,ash_59201,69869e35003601e623da,,,
6986966f00119cd0e459,pay_SD4kjC96QnKDWk,BIM Workshop,BRAHMA,brah_76494,69869662001c21ef015d,,,
69869663001f5637d7c6,pay_SD4kjC96QnKDWk,BIM Workshop,BRAHMA,brah_76494,69869662001c21ef015d,,,
698695bd0037cc92b0f8,pay_SD4hqC3vnNvtnP,ASIET Talkies,BRAHMA,brah_28316,698695af0039f95ff71b,,,
698695b10001137fee85,pay_SD4hqC3vnNvtnP,ASIET Talkies,BRAHMA,brah_28316,698695af0039f95ff71b,,,
6.99E+19,pay_SD4WctUKZPFCAG,Antenna Design Workshop,BRAHMA,ash_23518,6986933b00380e5c21cd,,,
6986933c003d1859aa14,pay_SD4WctUKZPFCAG,Antenna Design Workshop,BRAHMA,ash_23518,6986933b00380e5c21cd,,,
69863b700022ce2f5f88,pay_SCy8cnOIKJWOpX,Underarm Cricket,BRAHMA,brah_38701,69863b63000c2e4578ca,,,
69863b640010a2c7c4ed,pay_SCy8cnOIKJWOpX,Underarm Cricket,BRAHMA,brah_38701,69863b63000c2e4578ca,,,
69862fcc000478ddeafa,pay_SCxIBL0JNz9K6a,Retro Carroms,BRAHMA,brah_43197,69862fbd002a0233b117,,,
69862fbe002df8a136f1,pay_SCxIBL0JNz9K6a,Retro Carroms,BRAHMA,brah_43197,69862fbd002a0233b117,,,
69862225001f6a2a1622,pay_SCwIgBgRQTYkP8,BIM Workshop,BRAHMA,ash_33058,69862215001806103a59,,,
69862216001cdb371bd8,pay_SCwIgBgRQTYkP8,BIM Workshop,BRAHMA,ash_33058,69862215001806103a59,,,
69860c32002d9194f4a1,pay_SCuhho4GyzYNY3,IPL AUCTION,BRAHMA,brah_64653,69860c27003953618761,,,
69860c28003e5c1e79a6,pay_SCuhho4GyzYNY3,IPL AUCTION,BRAHMA,brah_64653,69860c27003953618761,,,
69860601003b5f61df05,pay_SCuFeUYJ7aJ8Tw,BIM Workshop,BRAHMA,brah_22235,698605eb001b94061602,,,
698605ec0023eea85f12,pay_SCuFeUYJ7aJ8Tw,BIM Workshop,BRAHMA,brah_22235,698605eb001b94061602,,,
6985fff90027541c21f9,pay_SCtoWmzwmp26yh,IPL AUCTION,BRAHMA,brah_44682,6985ffe3002182358e20,,,
6985ffe400355228fc54,pay_SCtoWmzwmp26yh,IPL AUCTION,BRAHMA,brah_44682,6985ffe3002182358e20,,,
6985ef3a002f0541d29c,pay_SCsb3FwS1rdnwn,IPL AUCTION,BRAHMA,brah_35608,6985ef24001bf2137884,,,
6985ef250023b943864d,pay_SCsb3FwS1rdnwn,IPL AUCTION,BRAHMA,brah_35608,6985ef24001bf2137884,,,
6985e76a000a34a0b1a2,pay_SCryAHeZY6rLAk,Clue Crusade,BRAHMA,brah_84700,6985e768001c894626c5,,,
6985d2760006ecb10977,pay_SCqVHGSEFYsLNS,RC Lapz,BRAHMA,brah_19106,6985d25c001114f4a5a5,,,
6985d25d0014a3565267,pay_SCqVHGSEFYsLNS,RC Lapz,BRAHMA,brah_19106,6985d25c001114f4a5a5,,,
6985c800003ac2ccebf5,pay_SCpkBxzrugNEA3,IPL AUCTION,BRAHMA,brah_98371,6985c7f1001937b7174d,,,
6985c7f2001c3f93d78e,pay_SCpkBxzrugNEA3,IPL AUCTION,BRAHMA,brah_98371,6985c7f1001937b7174d,,,
6985a900002915b0e93c,pay_SCnUAcPO7n4OFi,Syncopate,BRAHMA,brah_49001,6985a8d4002b8e0a5779,,,
6985a8d5002fe9b7210c,pay_SCnUAcPO7n4OFi,Syncopate,BRAHMA,brah_49001,6985a8d4002b8e0a5779,,,
6985a2f6001621912f53,ADMIN_MANUAL,Ragam,BRAHMA,brah_42550,6985a2f6002edd4730e9,,,
69859b8c002928706c6d,pay_SCmVxfWJGFaWKv,Sumo Wrestling,BRAHMA,brah_55967,69859b79003b0d7b38e0,,,
69859b7a003e06122505,pay_SCmVxfWJGFaWKv,Sumo Wrestling,BRAHMA,brah_55967,69859b79003b0d7b38e0,,,
6985984d000a3c5f6354,pay_SCmFBN0TCQZLH4,Clue Crusade,BRAHMA,brah_92222,6985983f000b30b73881,,,
69859840000e1d0949ba,pay_SCmFBN0TCQZLH4,Clue Crusade,BRAHMA,brah_92222,6985983f000b30b73881,,,
6985946b0024a32ae229,pay_SClxs5J3RAfrpf,Underarm Cricket,BRAHMA,ash_38958,6985945c0034a5930f3a,,,
6985945d0038e33ff902,pay_SClxs5J3RAfrpf,Underarm Cricket,BRAHMA,ash_38958,6985945c0034a5930f3a,,,
698586b40026c992cda0,pay_SCl0VDyeyEQvJ5,Spot Photography,BRAHMA,brah_23763,698586b300236970ca2c,,,
69857ac900179e2b8e54,pay_SCk8mizwOEWkP0,Spot Photography,BRAHMA,ash_55190,69857ac80014213a0d65,,,
69857525001bcc544490,pay_SCjhdjmLwHI8aH,IPL AUCTION,BRAHMA,brah_20254,698575240018e3ea425d,,,
69856fd10000d6112d47,pay_SCjKaTdcVtJq87,Fifa Fever,BRAHMA,brah_49431,69856fb30019a49a3727,,,
69856fb4001d9a52df64,pay_SCjKaTdcVtJq87,Fifa Fever,BRAHMA,brah_49431,69856fb30019a49a3727,,,
69856647000f389a8352,pay_SCidpoBQY2FExm,Rhythmic Reign,BRAHMA,brah_85937,698566390035115f59fe,,,
6985663b000b5456b040,pay_SCidpoBQY2FExm,Rhythmic Reign,BRAHMA,brah_85937,698566390035115f59fe,,,
69855d8300033ce665cd,pay_SCi0Ogl5Zse45O,Rapocalypse,BRAHMA,brah_34453,69855d75003acaedf2ca,,,
69855d76003e5590a18f,pay_SCi0Ogl5Zse45O,Rapocalypse,BRAHMA,brah_34453,69855d75003acaedf2ca,,,
6984ebdc002d569d141b,pay_SCZk8LDsS5JODc,Clue Crusade,BRAHMA,brah_53056,6984ebcd0022d0ae1542,,,
6984ebce0027e5cde936,pay_SCZk8LDsS5JODc,Clue Crusade,BRAHMA,brah_53056,6984ebcd0022d0ae1542,,,
6984e3b90002559d7aff,pay_SCZ9UM8O3Z49Z8,Fifa Fever,BRAHMA,brah_20325,6984e3ab0005bc27f0cc,,,
6984e3ac0008be57f16b,pay_SCZ9UM8O3Z49Z8,Fifa Fever,BRAHMA,brah_20325,6984e3ab0005bc27f0cc,,,
6984d6b900341affef67,ADMIN_MANUAL,Mudhra(Kuchippudi),BRAHMA,brah_96088,6984d6ba000e7941769d,,,
6984d65300252430d6ae,ADMIN_MANUAL,Mudhra (Mohiniyattam),BRAHMA,brah_96088,6984d653003ba6897941,,,
6984d22b00314658647f,pay_SCXscVYRTAPmVu,Spot Photography,BRAHMA,brah_28316,6984d21e00287be3e96a,,,
6984d21f002b9a969c1f,pay_SCXscVYRTAPmVu,Spot Photography,BRAHMA,brah_28316,6984d21e00287be3e96a,,,
6984cf8f000f2e9293df,pay_SCXgqpIEJo9BDv,RJ hunt,BRAHMA,brah_38994,6984cf8300163ce81599,,,
6984cf84001a02229615,pay_SCXgqpIEJo9BDv,RJ hunt,BRAHMA,brah_38994,6984cf8300163ce81599,,,
6984cef10008a3cc8342,ADMIN_MANUAL,Mudhra (Bharathanatyam),BRAHMA,brah_96088,6984cef100206ec7757c,,,
6984769e002a900c2beb,pay_SCRDqKWeTYW6oM,Clue Crusade,BRAHMA,brah_11946,6984768f00297c79e0cc,,,
69847690002e55afbfea,pay_SCRDqKWeTYW6oM,Clue Crusade,BRAHMA,brah_11946,6984768f00297c79e0cc,,,
69847070003d9fd96781,pay_SCQlhyefmyyAgK,Popcorn Brainstorm,BRAHMA,brah_81919,6984705b0002b96fc114,,,
6984705c00065cb767ac,pay_SCQlhyefmyyAgK,Popcorn Brainstorm,BRAHMA,brah_81919,6984705b0002b96fc114,,,
69846fb4003a0653e085,pay_SCQieaSmdMlq8u,Popcorn Brainstorm,BRAHMA,ash_16113,69846fa6001c412adf11,,,
69846fa70021fa4f5a54,pay_SCQieaSmdMlq8u,Popcorn Brainstorm,BRAHMA,ash_16113,69846fa6001c412adf11,,,
69846ec4003903a5475e,pay_SCQdj4WIhcDGcG,ASIET Talkies,BRAHMA,brah_13823,69846eaf0024aa6db426,,,
69846eb0002bc2f165cb,pay_SCQdj4WIhcDGcG,ASIET Talkies,BRAHMA,brah_13823,69846eaf0024aa6db426,,,
698463b8003931c51d18,pay_SCPqVEH64GLcuL,Soapy soccer,BRAHMA,brah_73521,698463a3001fa0d6ffec,,,
698463a400241636b10e,pay_SCPqVEH64GLcuL,Soapy soccer,BRAHMA,brah_73521,698463a3001fa0d6ffec,,,
6984441d001b98107a28,pay_SCNXvVI0H6lf2W,Antenna Design Workshop,BRAHMA,ash_80476,6984440f003625357f7f,,,
698444100037b95a7adc,pay_SCNXvVI0H6lf2W,Antenna Design Workshop,BRAHMA,ash_80476,6984440f003625357f7f,,,
69843fb2001d9ab20cd8,pay_SCNDyBwmaVSwTO,RJ hunt,BRAHMA,brah_76270,69843fa0001ee9dc8799,,,
69843fa100221c7f3654,pay_SCNDyBwmaVSwTO,RJ hunt,BRAHMA,brah_76270,69843fa0001ee9dc8799,,,
69843d8e0022e6ec43d7,pay_SCN4iGazcQ9aXM,Product Pioneers,BRAHMA,brah_44297,69843d8d00212403a44a,,,
698435ee001fc645b562,pay_SCMWAxbUOaqq1x,Product Pioneers,BRAHMA,brah_80719,698435df001561b535ba,,,
698435e0001e3f891b4e,pay_SCMWAxbUOaqq1x,Product Pioneers,BRAHMA,brah_80719,698435df001561b535ba,,,
69843556001b98e42167,pay_SCMRGSnp1c5RMw,Antenna Design Workshop,BRAHMA,brah_84964,698434e00022b48e7a35,,,
698434e100250e291a1f,pay_SCMRGSnp1c5RMw,Antenna Design Workshop,BRAHMA,brah_84964,698434e00022b48e7a35,,,
69842cc500044a175f26,pay_SCLqUrf3dXvRKs,Antenna Design Workshop,BRAHMA,brah_56766,69842cac002cfd56bb2a,,,
69842cad002f5f6cbd1b,pay_SCLqUrf3dXvRKs,Antenna Design Workshop,BRAHMA,brah_56766,69842cac002cfd56bb2a,,,
69842b37003c0ed5e1e3,pay_SCLjtsQWrdjxM3,Antenna Design Workshop,BRAHMA,brah_31319,69842b23000f756693c6,,,
69842b2400124e1f39e5,pay_SCLjtsQWrdjxM3,Antenna Design Workshop,BRAHMA,brah_31319,69842b23000f756693c6,,,
698426f0002c2ac58209,pay_SCLQLZ9x1W6DfM,Product Pioneers,BRAHMA,brah_49623,698426db000915e4ae4e,,,
698426dc000e3f0a65c8,pay_SCLQLZ9x1W6DfM,Product Pioneers,BRAHMA,brah_49623,698426db000915e4ae4e,,,
698423400000a6bac93b,pay_SCL9pP2haCjN3Q,Product Pioneers,BRAHMA,brah_39773,6984232a003922507d5b,,,
6984232b003be8be0bbb,pay_SCL9pP2haCjN3Q,Product Pioneers,BRAHMA,brah_39773,6984232a003922507d5b,,,
69841191002de79898fe,pay_SCJsIl8fSfAA66,Shootout Clash,BRAHMA,brah_47947,69841180002df8ff851d,,,
6984118100357a60f066,pay_SCJsIl8fSfAA66,Shootout Clash,BRAHMA,brah_47947,69841180002df8ff851d,,,
6983ac7f003958af405f,pay_SCCWk4fOJ1SwOb,MILITIA MADNESS,BRAHMA,brah_71484,6983ac6f0013309f88f3,,,
6983ac70003820d86208,pay_SCCWk4fOJ1SwOb,MILITIA MADNESS,BRAHMA,brah_71484,6983ac6f0013309f88f3,,,
698393a60004c8f13080,pay_SCAidGG9ll8V6B,Carnival Nexus (feb 6),BRAHMA,brah_34057,698393a5000151331f91,,,
69837e6f000b8b90d9fe,pay_SC9BPfoeOZWIB8,MILITIA MADNESS,BRAHMA,brah_42479,69837e610030297a4f40,,,
69837e620036baedb5de,pay_SC9BPfoeOZWIB8,MILITIA MADNESS,BRAHMA,brah_42479,69837e610030297a4f40,,,
698377690030d0e82b92,pay_SC8fLFAjLTVqZZ,Game of rooms (FEB 7),BRAHMA,brah_84073,6983775c001b3444b757,,,
6983775d0021f9431a08,pay_SC8fLFAjLTVqZZ,Game of rooms (FEB 7),BRAHMA,brah_84073,6983775c001b3444b757,,,
6983767000246ab9af04,pay_SC8bAeXcGyU2QZ,Clue Crusade,BRAHMA,brah_30346,698376640000bf7e6b6a,,,
698376650006d8f91db8,pay_SC8bAeXcGyU2QZ,Clue Crusade,BRAHMA,brah_30346,698376640000bf7e6b6a,,,
698373d9001d0f51e832,pay_SC8PV8yv5psSdv,Retro Carroms,BRAHMA,brah_40807,698373cb002e1090cf8b,,,
698373cc0032eada3160,pay_SC8PV8yv5psSdv,Retro Carroms,BRAHMA,brah_40807,698373cb002e1090cf8b,,,
698373b4001fee4d3a89,pay_SC8OclBwCugAnx,Knives out,BRAHMA,brah_33373,69837398000ed2709282,,,
698373990012e596a9f8,pay_SC8OclBwCugAnx,Knives out,BRAHMA,brah_33373,69837398000ed2709282,,,
698371f00034922aea59,pay_SC8G3Wzc0Oe2WK,Popcorn Brainstorm,BRAHMA,brah_84700,698371d60025a58bed77,,,
698371d7002a4424af5a,pay_SC8G3Wzc0Oe2WK,Popcorn Brainstorm,BRAHMA,brah_84700,698371d60025a58bed77,,,
69836e6a0003f9fe78c8,pay_SC80ucGNPOn1NU,Glow Ball,BRAHMA,ash_72652,69836e5800260dd7d81b,,,
69836e59002c05b5e1ec,pay_SC80ucGNPOn1NU,Glow Ball,BRAHMA,ash_72652,69836e5800260dd7d81b,,,
69836be80005a09ee41c,pay_SC7pln1nA29IK9,Glow Ball,BRAHMA,bra_97970,69836bdc002ce69226dc,,,
69836bdd0031c0d056d0,pay_SC7pln1nA29IK9,Glow Ball,BRAHMA,bra_97970,69836bdc002ce69226dc,,,
698368890004440faf8f,pay_SC7ahdF1QGEArD,Civil Clash,BRAHMA,brah_65616,6983687b0005731f0252,,,
6983687c000a59dbc900,pay_SC7ahdF1QGEArD,Civil Clash,BRAHMA,brah_65616,6983687b0005731f0252,,,
698362a20011c92bbb3f,pay_SC79RqkV8IF4tt,Evoque,BRAHMA,brah_31529,698362860036e5fa6daa,,,
698362880029ed08c903,pay_SC79RqkV8IF4tt,Evoque,BRAHMA,brah_31529,698362860036e5fa6daa,,,
69836230003d56fbcd1d,pay_SC77w3SgjmmSQq,Evoque,BRAHMA,brah_79005,69836222002c32a9a563,,,
69836223003afd3edd56,pay_SC77w3SgjmmSQq,Evoque,BRAHMA,brah_79005,69836222002c32a9a563,,,
698358c90031b64160fa,pay_SC6Rj45oWcvLrf,Carnival Nexus (feb 6),BRAHMA,brah_33315,698358bb003323790cd4,,,
698358bc003574b8fd12,pay_SC6Rj45oWcvLrf,Carnival Nexus (feb 6),BRAHMA,brah_33315,698358bb003323790cd4,,,
698355b8001334917528,ADMIN_MANUAL,Mudhra (Bharathanatyam),BRAHMA,brah_78989,698355b80023b08fb134,,,
6983559f003a0dc72809,ADMIN_MANUAL,Mudhra (Mohiniyattam),BRAHMA,brah_78989,698355a0000c749d61b5,,,
698353eb003daddc45ed,pay_SC65eCdgQ3h48j,Clue Crusade,BRAHMA,brah_93689,698353de003497b32d5e,,,
698353e000065fbb52e3,pay_SC65eCdgQ3h48j,Clue Crusade,BRAHMA,brah_93689,698353de003497b32d5e,,,
69834d7600369e978abd,pay_SC5cH05ihskwtZ,Retro Carroms,BRAHMA,ash_31195,69834d670020868422a7,,,
69834d68002c0706a695,pay_SC5cH05ihskwtZ,Retro Carroms,BRAHMA,ash_31195,69834d670020868422a7,,,
69834d4f003110c59183,pay_SC5bU42al0PNLu,Evoque,BRAHMA,brah_51357,69834d3e003ca9281a03,,,
69834d4000070742ecd9,pay_SC5bU42al0PNLu,Evoque,BRAHMA,brah_51357,69834d3e003ca9281a03,,,
69833f47001bc49eb5db,pay_SC4aU3JnrhFYju,Popcorn Brainstorm,BRAHMA,brah_75007,69833f310027acd23672,,,
69833f32002b3cf4587f,pay_SC4aU3JnrhFYju,Popcorn Brainstorm,BRAHMA,brah_75007,69833f310027acd23672,,,
69833b4900044ad671b9,pay_SC4I8VpqV7vn4V,BIM Workshop,BRAHMA,brah_38594,69833b35003769ef77d1,,,
69833b360039ee697956,pay_SC4I8VpqV7vn4V,BIM Workshop,BRAHMA,brah_38594,69833b35003769ef77d1,,,
69833526003054ff4550,pay_SC3pSWWVFxbbd3,Rhythmic Reign,BRAHMA,brah_97572,698335130024a8979848,,,
69833514002b4a2a80f9,pay_SC3pSWWVFxbbd3,Rhythmic Reign,BRAHMA,brah_97572,698335130024a8979848,,,
69832cfb002aa2f3dc53,pay_SC3FtsWwOqoiUr,RC Lapz,BRAHMA,brah_14742,69832cf20022f76ae6d1,,,
69832cf300254cf842ec,pay_SC3FtsWwOqoiUr,RC Lapz,BRAHMA,brah_14742,69832cf20022f76ae6d1,,,
69831d7f0007353ab2ca,pay_SC28AaKBys6p31,Game of rooms (FEB 7),BRAHMA,brah_19528,69831d6700357a20dec6,,,
69831d6800367f62349c,pay_SC28AaKBys6p31,Game of rooms (FEB 7),BRAHMA,brah_19528,69831d6700357a20dec6,,,
69831bff0012b6fe3653,pay_SC21db9ivI8JTG,MILITIA MADNESS,BRAHMA,ash_46047,69831bfe000fe47fdda5,,,
69831bd80015b120fcc4,pay_SC20KTvrNrbyIM,Product Pioneers,BRAHMA,brah_18000,69831bc2000eb83f04b1,,,
69831bc30015113eb767,pay_SC20KTvrNrbyIM,Product Pioneers,BRAHMA,brah_18000,69831bc2000eb83f04b1,,,
69831b9d001b77dd7702,pay_SC1zxlar9OGWqq,Soapy soccer,BRAHMA,brah_52968,69831b940028404c5d13,,,
69831b95002df4663eb4,pay_SC1zxlar9OGWqq,Soapy soccer,BRAHMA,brah_52968,69831b940028404c5d13,,,
6983101300040d325ed6,pay_SC19ePjanwJbbH,Product Pioneers,BRAHMA,brah_38008,69831011003e718c0631,,,
6982f83900167370b9c9,pay_SBzQGtH9STHEOR,Game of rooms (feb 8),BRAHMA,brah_89449,6982f82a00218af7a668,,,
6982f82b00246a8e9cc8,pay_SBzQGtH9STHEOR,Game of rooms (feb 8),BRAHMA,brah_89449,6982f82a00218af7a668,,,
6982f6f9002326184a2c,pay_SBzKZIPwOQJVQp,Glow Ball,BRAHMA,bra_22087,6982f6e6003a1df815db,,,
6982f6e8001d0b474e39,pay_SBzKZIPwOQJVQp,Glow Ball,BRAHMA,bra_22087,6982f6e6003a1df815db,,,
6982f0f50033f1a2a904,pay_SBytV5pUdbqeIv,BIM Workshop,BRAHMA,ash_45932,6982f0e70038ee7681b4,,,
6982f0e8003c14f86f02,pay_SBytV5pUdbqeIv,BIM Workshop,BRAHMA,ash_45932,6982f0e70038ee7681b4,,,
6982ee8d0006fa481682,pay_SByiAd6CBun6tB,Synapse Spark (Ideathon),BRAHMA,ash_34428,6982ee810014789d4c3f,,,
6982ee82001833030810,pay_SByiAd6CBun6tB,Synapse Spark (Ideathon),BRAHMA,ash_34428,6982ee810014789d4c3f,,,
6982cc7a003cba116e05,pay_SBwAetiVMXjLAG,IPL AUCTION,BRAHMA,brah_61960,6982cc6d0003db845a71,,,
6982cc6e0008d61fa092,pay_SBwAetiVMXjLAG,IPL AUCTION,BRAHMA,brah_61960,6982cc6d0003db845a71,,,
6982bb8100221c6946b4,pay_SBuzXYY74y7f57,Synapse Spark (Ideathon),BRAHMA,ash_24186,6982bb71003d92667fe9,,,
6982bb73000cdf780663,pay_SBuzXYY74y7f57,Synapse Spark (Ideathon),BRAHMA,ash_24186,6982bb71003d92667fe9,,,
69823484000b03147e3c,pay_SBlBrv5DKjMVu4,Rhythmic Reign,BRAHMA,brah_61838,6982346e000c7bbe1f95,,,
6982346f001b3b2abc42,pay_SBlBrv5DKjMVu4,Rhythmic Reign,BRAHMA,brah_61838,6982346e000c7bbe1f95,,,
6982316e000e13448fe1,pay_SBkyO3xrmSNiGQ,Shootout Clash,BRAHMA,brah_17620,6982316100178a8d4601,,,
69823162001c0e63db0b,pay_SBkyO3xrmSNiGQ,Shootout Clash,BRAHMA,brah_17620,6982316100178a8d4601,,,
6982284400255eb7b2a9,pay_SBkJ585gQvgmDA,Knives out,BRAHMA,ash_58587,69822834002637f5c8f9,,,
69822835002b4c618b1e,pay_SBkJ585gQvgmDA,Knives out,BRAHMA,ash_58587,69822834002637f5c8f9,,,
698225290008b449b675,pay_SBk55W1AEJ7nlj,BAND OF BRAHMA,BRAHMA,brah_35960,6982251a000c453c6d4e,,,
6982251b0010b2a3210e,pay_SBk55W1AEJ7nlj,BAND OF BRAHMA,BRAHMA,brah_35960,6982251a000c453c6d4e,,,
6982237f00331d98a045,pay_SBjxlvGPKm7AgW,Game of rooms (FEB 7),BRAHMA,brah_73589,6982237400157d7f920c,,,
6982237500187fad82a7,pay_SBjxlvGPKm7AgW,Game of rooms (FEB 7),BRAHMA,brah_73589,6982237400157d7f920c,,,
69822194001f4cd0752a,pay_SBjogEB4dzie1v,Synapse Spark (Ideathon),BRAHMA,brah_89249,69822181000427b77c18,,,
698221820008453bc20d,pay_SBjogEB4dzie1v,Synapse Spark (Ideathon),BRAHMA,brah_89249,69822181000427b77c18,,,
6982214f0037e260762f,pay_SBjngJcOznh89I,MILITIA MADNESS,BRAHMA,brah_48779,6982213f0027ed9716a1,,,
6982214d00216059f3cb,pay_SBjnqryN3L8nTt,Knives out,BRAHMA,brah_18432,6982213f0017a51a0c9b,,,
69822140002ca9f41a63,pay_SBjngJcOznh89I,MILITIA MADNESS,BRAHMA,brah_48779,6982213f0027ed9716a1,,,
69822140001c6180fe01,pay_SBjnqryN3L8nTt,Knives out,BRAHMA,brah_18432,6982213f0017a51a0c9b,,,
69821148000c86b6fb29,pay_SBidQGviB04oTR,Game of rooms (feb 8),BRAHMA,brah_36499,6982113a000b7e394a6d,,,
6982113b0010940d4ad4,pay_SBidQGviB04oTR,Game of rooms (feb 8),BRAHMA,brah_36499,6982113a000b7e394a6d,,,
69820673001e5242edcf,pay_SBhoL5z20kBvga,Soulsync,BRAHMA,brah_30334,6982065a003580b8f46e,,,
6982065b003ad0142de4,pay_SBhoL5z20kBvga,Soulsync,BRAHMA,brah_30334,6982065a003580b8f46e,,,
6982060e0025ba967792,pay_SBhorp3KfmnRO8,Game of rooms (FEB 7),BRAHMA,brah_12147,69820602000a03357ee8,,,
69820603000e8487c79a,pay_SBhorp3KfmnRO8,Game of rooms (FEB 7),BRAHMA,brah_12147,69820602000a03357ee8,,,
698202ae0009a5977df0,pay_SBhZgeRf8xDIrP,Sumo Wrestling,BRAHMA,brah_33315,6982029f00328082f046,,,
698202a10008137e6385,pay_SBhZgeRf8xDIrP,Sumo Wrestling,BRAHMA,brah_33315,6982029f00328082f046,,,
6981f7a900224d823cf2,pay_S7mS2RkC3ppTPK,FPGA WORKSHOP,BRAHMA,brah_60363,6981f7a9003b636da7a8,,,
6981f521003110de96c2,pay_SBgOjNVAOyzBko,Soulsync,BRAHMA,brah_27164,6981f520002c1fcfbadc,,,
6981f45d001c1354da57,pay_SBgXD9mPThHWMb,Evoque,BRAHMA,brah_65070,6981f45a001e2d2e222e,,,
6981f053000f2eb15114,pay_SBgF4AbTzovi9Z,Product Pioneers,BRAHMA,brah_29301,6981f05200066de06d6b,,,
6981a154003e77b39c1b,pay_SBaUoTGTs8v8UU,Synapse Spark (Ideathon),BRAHMA,brah_57351,6981a140002a3f3eebe4,,,
6981a1410032b682686e,pay_SBaUoTGTs8v8UU,Synapse Spark (Ideathon),BRAHMA,brah_57351,6981a140002a3f3eebe4,,,
698189e70019ccfb648f,pay_SBYn67IPFblLqz,BIM Workshop,BRAHMA,brah_83549,698189da000272df44df,,,
698189db00048f6c3139,pay_SBYn67IPFblLqz,BIM Workshop,BRAHMA,brah_83549,698189da000272df44df,,,
69818904001ff591b436,pay_SBYjF5ygpqgb1V,BIM Workshop,BRAHMA,brah_39206,698188f70000b13ae938,,,
698188f80002875cb9ef,pay_SBYjF5ygpqgb1V,BIM Workshop,BRAHMA,brah_39206,698188f70000b13ae938,,,
6981874c00280ea8818d,pay_SBYbUMDYpyUVv7,BIM Workshop,BRAHMA,brah_32685,6981873c000d8c453d1e,,,
6981873d002db35fba2b,pay_SBYbUMDYpyUVv7,BIM Workshop,BRAHMA,brah_32685,6981873c000d8c453d1e,,,
6981869100231cb10f44,pay_SBYY4ZdsUXk1rg,Game of rooms (FEB 7),BRAHMA,brah_52024,69818684000abeda577b,,,
69818685000db4afb1f5,pay_SBYY4ZdsUXk1rg,Game of rooms (FEB 7),BRAHMA,brah_52024,69818684000abeda577b,,,
69816b63000f1d7c4f98,pay_SBWZtoVls3B9hB,Knives out,BRAHMA,brah_52325,69816b62000b88423872,,,
698168d00032bb74fb2c,pay_SBWOCjV70s9Hfg,N8N Workshop,BRAHMA,brah_74322,698168c200290882c64d,,,
698168c3002dd118a6e6,pay_SBWOCjV70s9Hfg,N8N Workshop,BRAHMA,brah_74322,698168c200290882c64d,,,
698160fe00121318f534,pay_SBVolC1y6z1Lno,MILITIA MADNESS,BRAHMA,brah_21113,698160fc0033172a9480,,,
698160fd002833140de8,pay_SBVolC1y6z1Lno,MILITIA MADNESS,BRAHMA,brah_21113,698160fc0033172a9480,,,
69810ed400115bb43954,pay_SBPqNYAosOx106,N8N Workshop,BRAHMA,brah_61934,69810ecd000c64b9763d,,,
69810ece0000d793f2e4,pay_SBPqNYAosOx106,N8N Workshop,BRAHMA,brah_61934,69810ecd000c64b9763d,,,
6980e93800298383c52a,pay_SBN7Jfz5jp8Pc8,Rhythmic Reign,BRAHMA,brah_99180,6980e92b003738eb04a8,,,
6980e92d00010116bb2f,pay_SBN7Jfz5jp8Pc8,Rhythmic Reign,BRAHMA,brah_99180,6980e92b003738eb04a8,,,
6980e163003b25e1bfb9,pay_SBMXsssUf7mdvx,Spot Photography,BRAHMA,brah_57720,6980e1560038f25c19a3,,,
6980e1630027fb16853b,pay_SBMXcmWmX9JUDW,Spot Photography,BRAHMA,brah_68611,6980e14b0026a69ce3af,,,
6980e157003b23163cb5,pay_SBMXsssUf7mdvx,Spot Photography,BRAHMA,brah_57720,6980e1560038f25c19a3,,,
6980e14c0029943c3e2c,pay_SBMXcmWmX9JUDW,Spot Photography,BRAHMA,brah_68611,6980e14b0026a69ce3af,,,
6980da24001c8bceea9b,pay_SBLzHJsRt2CEHA,N8N Workshop,BRAHMA,ash_96372,6980da2300194c28ba31,,,
6980d87a001f43fbd8f1,pay_SBLtVM9ESR6wcE,Knives out,BRAHMA,brah_19350,6980d86c0039f0b51889,,,
6980d86d003dc26373c5,pay_SBLtVM9ESR6wcE,Knives out,BRAHMA,brah_19350,6980d86c0039f0b51889,,,
6980c3740023c517d924,pay_SBKN4MtDf8K6nH,IPL AUCTION,BRAHMA,brah_46854,6980c3650026a60c0129,,,
6980c366002a81c6333b,pay_SBKN4MtDf8K6nH,IPL AUCTION,BRAHMA,brah_46854,6980c3650026a60c0129,,,
6980bedd0029c07177fe,pay_SBK2AAJ3f3Yy48,Game of rooms (FEB 7),BRAHMA,brah_52360,6980becc00274b9f8562,,,
6980becd002a466f8543,pay_SBK2AAJ3f3Yy48,Game of rooms (FEB 7),BRAHMA,brah_52360,6980becc00274b9f8562,,,
6980bd860037ceb7b300,pay_SBJwEWC5TTvWus,MILITIA MADNESS,BRAHMA,brah_69367,6980bd790000887ee57c,,,
6980bd7a0004efbbd581,pay_SBJwEWC5TTvWus,MILITIA MADNESS,BRAHMA,brah_69367,6980bd790000887ee57c,,,
6980acee000df5be92f9,pay_SBIjEcfeUwOmr6,N8N Workshop,BRAHMA,brah_42789,6980acdc0029090f04cf,,,
6980acdd002b5fbf30de,pay_SBIjEcfeUwOmr6,N8N Workshop,BRAHMA,brah_42789,6980acdc0029090f04cf,,,
6980ac62002b19215024,pay_SBIgd76j9T54wD,Spot Photography,BRAHMA,brah_11580,6980ac500033abe5673f,,,
6980ac5100389bef99a1,pay_SBIgd76j9T54wD,Spot Photography,BRAHMA,brah_11580,6980ac500033abe5673f,,,
6980ac180009a93a72da,pay_SBIfhd7ATjMVHA,Spot Photography,BRAHMA,brah_71274,6980ac0c000056859f10,,,
6980ac0d000504560864,pay_SBIfhd7ATjMVHA,Spot Photography,BRAHMA,brah_71274,6980ac0c000056859f10,,,
69809510002f38bdba15,pay_SBGzmrJrWFXe1x,Shootout Clash,BRAHMA,brah_73901,698095010031e2788ba7,,,
6980950200342425096a,pay_SBGzmrJrWFXe1x,Shootout Clash,BRAHMA,brah_73901,698095010031e2788ba7,,,
69808b180029afe47d25,pay_SBGGmeSsdCUb9Y,Knives out,BRAHMA,brah_46049,69808b170009fe0da790,,,
6980856a0030e4301e8d,pay_SBFrZge6WNL21i,RJ hunt,BRAHMA,brah_69047,69808569002eee2a6344,,,
69807c950010f0c38c62,pay_SBFDUVd2WBtfKs,Product Pioneers,BRAHMA,brah_78196,69807c850010b230172b,,,
69807c860013b57b9cf5,pay_SBFDUVd2WBtfKs,Product Pioneers,BRAHMA,brah_78196,69807c850010b230172b,,,
6980768900130860940c,pay_SBEmKqK6ofBXWU,Mudhra(Kuchippudi),BRAHMA,brah_55248,69807688000f938ce626,,,
69807657002b90d11318,pay_SBElPmvt14TecM,Mudhra (Mohiniyattam),BRAHMA,brah_55248,698076490035f2ec5e0c,,,
6980764a0037ac753d55,pay_SBElPmvt14TecM,Mudhra (Mohiniyattam),BRAHMA,brah_55248,698076490035f2ec5e0c,,,
698074bb001ef2b98064,pay_SBEdweCLnKkmi8,RJ hunt,BRAHMA,brah_46595,698074a7002fa22a6f3d,,,
698074a80031bb162e88,pay_SBEdweCLnKkmi8,RJ hunt,BRAHMA,brah_46595,698074a7002fa22a6f3d,,,
69805772000fe649995d,pay_SBCVZ5XF9oNBlN,Mudhra (Mohiniyattam),BRAHMA,brah_59139,698057540003d69e4a02,,,
69805755000673aac02f,pay_SBCVZ5XF9oNBlN,Mudhra (Mohiniyattam),BRAHMA,brah_59139,698057540003d69e4a02,,,
69804527000e3cd3eb65,pay_SBBBOEXKxBT8a8,Mudhra (Bharathanatyam),BRAHMA,brah_59139,698045170028d0584231,,,
69804518002ad48a3497,pay_SBBBOEXKxBT8a8,Mudhra (Bharathanatyam),BRAHMA,brah_59139,698045170028d0584231,,,
6980444e001cd3577522,pay_SBB7lZFZEn6AKb,Mudhra (Mohiniyattam),BRAHMA,brah_94674,69804441000cdee0b756,,,
69804442000f9375139e,pay_SBB7lZFZEn6AKb,Mudhra (Mohiniyattam),BRAHMA,brah_94674,69804441000cdee0b756,,,
698043f20039a1785511,pay_SBB67WupbIhd1F,Mudhra (Bharathanatyam),BRAHMA,brah_94674,698043e9000041b46634,,,
698043ea0002883642bb,pay_SBB67WupbIhd1F,Mudhra (Bharathanatyam),BRAHMA,brah_94674,698043e9000041b46634,,,
69802f43000018ba05fa,pay_SB9ayh6tbpZIZi,Evoque,BRAHMA,brah_88423,69802f35001e08237bbb,,,
69802f360022c9c76d01,pay_SB9ayh6tbpZIZi,Evoque,BRAHMA,brah_88423,69802f35001e08237bbb,,,
697f90ea0000ef837d49,pay_SAy5GExNhoM89j,Evoque,BRAHMA,brah_70961,697f90d900236a2f7a6a,,,
697f90da0029567ce2c9,pay_SAy5GExNhoM89j,Evoque,BRAHMA,brah_70961,697f90d900236a2f7a6a,,,
697f8807003e0d33c27d,pay_SAxRHQwJZ7JGB1,MILITIA MADNESS,BRAHMA,brah_25349,697f87fa000a43e450ff,,,
697f87fb001130c5ce8f,pay_SAxRHQwJZ7JGB1,MILITIA MADNESS,BRAHMA,brah_25349,697f87fa000a43e450ff,,,
697f811f003dab9dd9a2,pay_SAwv0QQbJpdawh,Evoque,BRAHMA,brah_48483,697f80f4003524b1e1fe,,,
697f80f5003d32e1f5f2,pay_SAwv0QQbJpdawh,Evoque,BRAHMA,brah_48483,697f80f4003524b1e1fe,,,
697f7736003ad523bfd2,pay_SAwD5LM7pRCywM,Game of rooms (feb 8),BRAHMA,brah_88381,697f7729001a20915a89,,,
697f772a001ecca027b2,pay_SAwD5LM7pRCywM,Game of rooms (feb 8),BRAHMA,brah_88381,697f7729001a20915a89,,,
697f70b100391960759c,pay_SAvk4CGMdlLlGf,Pitch in 120s,BRAHMA,brah_24103,697f70a200358a35ca4c,,,
697f70a30039fc0bc42b,pay_SAvk4CGMdlLlGf,Pitch in 120s,BRAHMA,brah_24103,697f70a200358a35ca4c,,,
697f6f40003c93837810,pay_SAvdkjtzL9UqsM,RJ hunt,BRAHMA,brah_53911,697f6f3f00374c8db58d,,,
697f5c2a00221c9af8b9,pay_SAuFLhvnBsQ06g,N8N Workshop,BRAHMA,brah_65915,697f5c120001a16e0ea7,,,
697f5c1f0005a62633de,pay_SAuFJ4O2iFvRRK,N8N Workshop,BRAHMA,brah_74176,697f5c110006e1ff9373,,,
697f5c130017970eec84,pay_SAuFLhvnBsQ06g,N8N Workshop,BRAHMA,brah_65915,697f5c120001a16e0ea7,,,
697f5c12000b89f01423,pay_SAuFJ4O2iFvRRK,N8N Workshop,BRAHMA,brah_74176,697f5c110006e1ff9373,,,
697f53630028404468a1,pay_SAtbvyEBQHRBKe,Soulsync,BRAHMA,brah_50665,697f5356003622495797,,,
697f53570039b1424b63,pay_SAtbvyEBQHRBKe,Soulsync,BRAHMA,brah_50665,697f5356003622495797,,,
697f5057000a0fedbd1e,pay_SAtOIOLvetUyYo,BAND OF BRAHMA,BRAHMA,brah_59642,697f50480036b95aee18,,,
697f504a00015f8aa0f7,pay_SAtOIOLvetUyYo,BAND OF BRAHMA,BRAHMA,brah_59642,697f50480036b95aee18,,,
697f4b3f001c9d6dfa22,pay_SAt1Kq6WPBdNvD,Syncopate,BRAHMA,brah_73779,697f4b32000e64a3b7b3,,,
697f4b33001121c4d4ea,pay_SAt1Kq6WPBdNvD,Syncopate,BRAHMA,brah_73779,697f4b32000e64a3b7b3,,,
697f4a9f001138b23bb0,pay_SAsyaQm8qjFyHT,Rhythmic Reign,BRAHMA,brah_29899,697f4a93002cb72a43e4,,,
697f4a940039cd7dad1d,pay_SAsyaQm8qjFyHT,Rhythmic Reign,BRAHMA,brah_29899,697f4a93002cb72a43e4,,,
697f465d002708afaa0e,pay_SAsfFwRWFcjpJK,Syncopate,BRAHMA,brah_31461,697f464f0030a8a2b8d3,,,
697f465000342b5bee0b,pay_SAsfFwRWFcjpJK,Syncopate,BRAHMA,brah_31461,697f464f0030a8a2b8d3,,,
697f42680012e1ee9ef1,pay_SAsNKGvFe4NttM,Popcorn Brainstorm,BRAHMA,brah_75953,697f425000270efa3877,,,
697f425100382badd865,pay_SAsNKGvFe4NttM,Popcorn Brainstorm,BRAHMA,brah_75953,697f425000270efa3877,,,
697f37f0002cb2e439df,pay_SArcJ8EoALEiAs,Syncopate,BRAHMA,brah_78077,697f37ef002b8f1d63dd,,,
697f25670032c19dc3f5,pay_SAqGhrOtmo0tjQ,Rhythmic Reign,BRAHMA,brah_59159,697f25520019c5aa44a5,,,
697f2553001f1c77c56f,pay_SAqGhrOtmo0tjQ,Rhythmic Reign,BRAHMA,brah_59159,697f25520019c5aa44a5,,,
697f252a000f6d0434bc,pay_SAqFtRRkCtMLuc,Retro Carroms,BRAHMA,brah_10947,697f251e000b0de2fe0f,,,
697f251f000db0ba0463,pay_SAqFtRRkCtMLuc,Retro Carroms,BRAHMA,brah_10947,697f251e000b0de2fe0f,,,
697f16b7002f04bde543,pay_SApC1WspHZEMRn,N8N Workshop,BRAHMA,brah_11147,697f16b6002d10948941,,,
697f0a2b0008aced1c69,pay_SAoHG2opWZjfds,Syncopate,BRAHMA,brah_59069,697f0a0f0028d61b8238,,,
697f0a10002c2ec0e967,pay_SAoHG2opWZjfds,Syncopate,BRAHMA,brah_59069,697f0a0f0028d61b8238,,,
697efa020002c2ed07f5,pay_SAn6hfgoVicoul,Rhythmic Reign,BRAHMA,brah_45866,697ef9de003388ab029c,,,
697ef9df003e16f3b74b,pay_SAn6hfgoVicoul,Rhythmic Reign,BRAHMA,brah_45866,697ef9de003388ab029c,,,
697ee90b002b92fbb588,pay_SAlsuCMurNa8Bq,Glow Ball,BRAHMA,brah_10947,697ee8fd0020cff44bcb,,,
697ee8fe0024e2635b1a,pay_SAlsuCMurNa8Bq,Glow Ball,BRAHMA,brah_10947,697ee8fd0020cff44bcb,,,
697ee4fe002b9182f913,pay_SAlaPaFXXnxLlc,Product Pioneers,BRAHMA,brah_71711,697ee4ee001b7e1f08aa,,,
697ee4ef001da1407bf4,pay_SAlaPaFXXnxLlc,Product Pioneers,BRAHMA,brah_71711,697ee4ee001b7e1f08aa,,,
697e64de0039e9b2e90b,pay_SAcHC8gITS1iqz,Spot Photography,BRAHMA,brah_45018,697e64d10022b89b1719,,,
697e64d2002682843d1e,pay_SAcHC8gITS1iqz,Spot Photography,BRAHMA,brah_45018,697e64d10022b89b1719,,,
697e427500327be6cfc0,pay_SAZltSZw7rj8kw,Evoque,BRAHMA,brah_64047,697e4266000558c0040b,,,
697e4267000f175dcb40,pay_SAZltSZw7rj8kw,Evoque,BRAHMA,brah_64047,697e4266000558c0040b,,,
697e39520005db2d7f05,pay_SAZ6sgPSdgcnCY,MILITIA MADNESS,BRAHMA,brah_20421,697e394200308192afcc,,,
697e39430035afcb4fc1,pay_SAZ6sgPSdgcnCY,MILITIA MADNESS,BRAHMA,brah_20421,697e394200308192afcc,,,
697e10b200215d9b6644,pay_SAW9beKsvM0cd2,MILITIA MADNESS,BRAHMA,bra_63772,697e10a200079686b881,,,
697e10a3000fc1f2dc98,pay_SAW9beKsvM0cd2,MILITIA MADNESS,BRAHMA,bra_63772,697e10a200079686b881,,,
697df1cd002267610d43,pay_SATuKByPAshmho,Ragam,BRAHMA,brah_64619,697df1bf0035130b81d0,,,
697df1c000393fa8474b,pay_SATuKByPAshmho,Ragam,BRAHMA,brah_64619,697df1bf0035130b81d0,,,
697ddab2000e3448b395,pay_SASEPZtcF4SrzU,Mudhra (Bharathanatyam),BRAHMA,brah_51438,697ddab1000b8da7fc40,,,
697dd9f10039cb4cf8d5,pay_SASANgG6ioAL68,Evoque,BRAHMA,brah_84485,697dd9e4003c5f25e114,,,
697dd9e6000345662bce,pay_SASANgG6ioAL68,Evoque,BRAHMA,brah_84485,697dd9e4003c5f25e114,,,
697dd7c100021ddc35aa,pay_SAS0h2PdRzZtgt,N8N Workshop,BRAHMA,brah_26911,697dd7b400026e90a8a5,,,
697dd7b50005485bab30,pay_SAS0h2PdRzZtgt,N8N Workshop,BRAHMA,brah_26911,697dd7b400026e90a8a5,,,
697dd5ac0011b7c168f8,pay_SARrKEylquU468,Rapocalypse,BRAHMA,brah_87607,697dd5960011948376b4,,,
697dd5970013ffd3e057,pay_SARrKEylquU468,Rapocalypse,BRAHMA,brah_87607,697dd5960011948376b4,,,
697dd1b000357428bba6,pay_SARZdFD91mBkyg,N8N Workshop,BRAHMA,brah_17999,697dd1a000201f1fc92f,,,
697dd1a10024a7ea7488,pay_SARZdFD91mBkyg,N8N Workshop,BRAHMA,brah_17999,697dd1a000201f1fc92f,,,
697db567001d63607ab1,pay_SAPWNEKXNJwXOs,Evoque,BRAHMA,brah_54913,697db55a0013fca27196,,,
697db55b00342e3d694a,pay_SAPWNEKXNJwXOs,Evoque,BRAHMA,brah_54913,697db55a0013fca27196,,,
697da48a00164cd1b91a,pay_SAOI7mbeiCLwiN,N8N Workshop,BRAHMA,brah_48195,697da47a0023be989677,,,
697da47b00272947a8a9,pay_SAOI7mbeiCLwiN,N8N Workshop,BRAHMA,brah_48195,697da47a0023be989677,,,
697d910800236a0603bb,pay_SAMsJTlNHy8Nov,N8N Workshop,BRAHMA,brah_30182,697d90fb0038601c4e7d,,,
697d90fc003b1df0e5bc,pay_SAMsJTlNHy8Nov,N8N Workshop,BRAHMA,brah_30182,697d90fb0038601c4e7d,,,
697d8f940024d14ccef5,pay_SAMleQ2pRoNCOE,N8N Workshop,BRAHMA,brah_25233,697d8f84002a9faa790c,,,
697d8f85002cb5792504,pay_SAMleQ2pRoNCOE,N8N Workshop,BRAHMA,brah_25233,697d8f84002a9faa790c,,,
697d8ede0015a1dcc4c3,pay_SAMiTfvgD7CxhM,Rapocalypse,BRAHMA,brah_54602,697d8ed10010c88f3396,,,
697d8ed200138186648d,pay_SAMiTfvgD7CxhM,Rapocalypse,BRAHMA,brah_54602,697d8ed10010c88f3396,,,
697d8d7500165a424047,pay_SAMc8AAvFusPee,N8N Workshop,BRAHMA,brah_28577,697d8d69000cd3f7e916,,,
697d8d6a001369b48584,pay_SAMc8AAvFusPee,N8N Workshop,BRAHMA,brah_28577,697d8d69000cd3f7e916,,,
697d85ba001261716c5f,pay_SAM3FqvoBKWktu,Rapocalypse,BRAHMA,brah_50198,697d85ac00021000d8f2,,,
697d85ad001b9c024267,pay_SAM3FqvoBKWktu,Rapocalypse,BRAHMA,brah_50198,697d85ac00021000d8f2,,,
697d3c6c0015f253b91c,pay_SAGircJghse70v,N8N Workshop,BRAHMA,brah_89137,697d3c5d002d24876833,,,
697d3c5e0030ed711564,pay_SAGircJghse70v,N8N Workshop,BRAHMA,brah_89137,697d3c5d002d24876833,,,
697d006e00093086ab9f,pay_SACLyFJw24bU41,Rapocalypse,BRAHMA,brah_95253,697d005d000a61189940,,,
697d005e000f58b13912,pay_SACLyFJw24bU41,Rapocalypse,BRAHMA,brah_95253,697d005d000a61189940,,,
697cf91300037ed38012,pay_SABpYmGkEDgWLB,Game of rooms (FEB 7),BRAHMA,ash_14216,697cf905001eb8b4959a,,,
697cf90600222052e456,pay_SABpYmGkEDgWLB,Game of rooms (FEB 7),BRAHMA,ash_14216,697cf905001eb8b4959a,,,
697cf5a60014f247ebf1,pay_SAAsWpjQ7NKAKo,Mimoria,BRAHMA,brah_39431,697cec01000b45b991d8,,,
697cec020000600495e8,pay_SAAsWpjQ7NKAKo,Mimoria,BRAHMA,brah_39431,697cec01000b45b991d8,,,
697ce0e5000c5a06b5a2,pay_SA9JTICdXFubLE,Game of rooms (FEB 7),BRAHMA,bra_10599,697cd6700006c72d00e6,,,
697cd671003dca4dad87,pay_SA9JTICdXFubLE,Game of rooms (FEB 7),BRAHMA,bra_10599,697cd6700006c72d00e6,,,
697caa82001cedbed295,pay_SA67FnxxhBk7cc,Idea pitching,BRAHMA,brah_36333,697caa72003a4bfb0f4b,,,
697caa73003d230fd388,pay_SA67FnxxhBk7cc,Idea pitching,BRAHMA,brah_36333,697caa72003a4bfb0f4b,,,
697c8e5f00291840f907,pay_SA44SgE6544wrD,Evoque,BRAHMA,brah_47708,697c8e4f0032d6bfde85,,,
697c8e50003ba1906270,pay_SA44SgE6544wrD,Evoque,BRAHMA,brah_47708,697c8e4f0032d6bfde85,,,
697c6a31003216f783d8,pay_SA1RITfaMZkZy7,Paintball,BRAHMA,brah_62488,697c6a220008dc13ef96,,,
697c6a23000d5f018c4d,pay_SA1RITfaMZkZy7,Paintball,BRAHMA,brah_62488,697c6a220008dc13ef96,,,
697c5e230021eceb68b6,pay_SA0Z6p6Pp3LDT7,MILITIA MADNESS,BRAHMA,bra_97970,697c5e150031cd3cd90c,,,
697c5e1700124609d5f9,pay_SA0Z6p6Pp3LDT7,MILITIA MADNESS,BRAHMA,bra_97970,697c5e150031cd3cd90c,,,
697c59330032e8282412,pay_SA0CmJwK0pWchL,FPGA WORKSHOP,BRAHMA,ash_56169,697c592600243999fb86,,,
697c592700281e8dbc9c,pay_SA0CmJwK0pWchL,FPGA WORKSHOP,BRAHMA,ash_56169,697c592600243999fb86,,,
697c4cc10006c4a0c916,pay_S9zIuEXoM6MLqR,N8N Workshop,BRAHMA,brah_20613,697c4cb3001c9eb5096d,,,
697c4cb4003ba4c7564c,pay_S9zIuEXoM6MLqR,N8N Workshop,BRAHMA,brah_20613,697c4cb3001c9eb5096d,,,
697c4b8c00391c4c4409,pay_S9zDSkjIFqc0bw,N8N Workshop,BRAHMA,brah_62714,697c4b7f0011b74d8895,,,
697c4b8000141112e2a2,pay_S9zDSkjIFqc0bw,N8N Workshop,BRAHMA,brah_62714,697c4b7f0011b74d8895,,,
697c47480016f1090ecf,pay_S9yuCFdjPZ3Yin,N8N Workshop,BRAHMA,ash_59287,697c4739001eee2aa835,,,
697c473b0000e06bb831,pay_S9yuCFdjPZ3Yin,N8N Workshop,BRAHMA,ash_59287,697c4739001eee2aa835,,,
697c3b490003b308eefc,pay_S9y1xUA0PdQNzK,Game of rooms (FEB 7),BRAHMA,ash_52732,697c3b3c00219ac99ef8,,,
697c3b3d002b2f19beb3,pay_S9y1xUA0PdQNzK,Game of rooms (FEB 7),BRAHMA,ash_52732,697c3b3c00219ac99ef8,,,
697c38a1003963a2d256,pay_S9xphgypSmgRiw,Evoque,BRAHMA,brah_43224,697c38940027ec515969,,,
697c3896002402a0ea48,pay_S9xphgypSmgRiw,Evoque,BRAHMA,brah_43224,697c38940027ec515969,,,
697c311400031973f81b,pay_S9xHuB33mM4Kqy,FPGA WORKSHOP,BRAHMA,brah_84797,697c31050038ba38fcdd,,,
697c3106003cb2f78774,pay_S9xHuB33mM4Kqy,FPGA WORKSHOP,BRAHMA,brah_84797,697c31050038ba38fcdd,,,
697b9f4900045276ec4e,pay_S9mh5KJqB4B9gg,RJ hunt,BRAHMA,brah_71784,697b9f3c0008318c60e9,,,
697b9f3d000e3fa9cc8c,pay_S9mh5KJqB4B9gg,RJ hunt,BRAHMA,brah_71784,697b9f3c0008318c60e9,,,
697b9e540024dfdab3d9,pay_S9mcmShuyOr2Vk,Clue Crusade,BRAHMA,brah_71784,697b9e4700303de18015,,,
697b9e4800382238634e,pay_S9mcmShuyOr2Vk,Clue Crusade,BRAHMA,brah_71784,697b9e4700303de18015,,,
697b9ae800147c9dbd50,pay_S9g4orZtJKX9Pg,Retro Carroms,BRAHMA,brah_56123,697b9ae80024a8d1601b,,,
697b993e00269bfd2cbe,pay_S7mnb4abK3kHuk,MILITIA MADNESS,BRAHMA,brah_78462,697b993f00015b9c4e41,,,
697b90f00010bd2ca3e9,pay_S9ldqk5zXFe2TW,Rhythmic Reign,BRAHMA,brah_91471,697b90e400034e4431c3,,,
697b90e5000e40f3d14f,pay_S9ldqk5zXFe2TW,Rhythmic Reign,BRAHMA,brah_91471,697b90e400034e4431c3,,,
697b905a0017501c675f,pay_S9lbUlfza3oTEq,FPGA WORKSHOP,BRAHMA,brah_70098,697b904d001aa7efc145,,,
697b904e00226fa540bf,pay_S9lbUlfza3oTEq,FPGA WORKSHOP,BRAHMA,brah_70098,697b904d001aa7efc145,,,
697b8dc0000a02c4689d,pay_S9lPnwSo1wc6ad,Mudhra(Kuchippudi),BRAHMA,brah_29943,697b8db4003c601131ec,,,
697b8db6003dd4433d6d,pay_S9lPnwSo1wc6ad,Mudhra(Kuchippudi),BRAHMA,brah_29943,697b8db4003c601131ec,,,
697b8d53002553b5b1c1,pay_S9lOCeU5LTF5G9,Sumo Wrestling,BRAHMA,brah_31101,697b8d520021c937e400,,,
697b8d18001eb7bd3d53,pay_S9lMqs7D53nVko,Mudhra(Kuchippudi),BRAHMA,brah_70543,697b8d06002ce2dd29a7,,,
697b8d070037a1f34672,pay_S9lMqs7D53nVko,Mudhra(Kuchippudi),BRAHMA,brah_70543,697b8d06002ce2dd29a7,,,
697b8cc10025bf04518d,pay_S9lLKh7GWjzHwG,Mudhra (Mohiniyattam),BRAHMA,brah_70543,697b8cad0033bac9f99c,,,
697b8cae00387865082e,pay_S9lLKh7GWjzHwG,Mudhra (Mohiniyattam),BRAHMA,brah_70543,697b8cad0033bac9f99c,,,
697b8c55001c0b57e29a,pay_S9lJAdFQMuQat5,Mudhra (Bharathanatyam),BRAHMA,brah_70543,697b8c390031fcaaee5a,,,
697b8c5200146d07b70e,pay_S9lJCOdQVKupQJ,FPGA WORKSHOP,BRAHMA,brah_88050,697b8c43003e60257e56,,,
697b8c45000470b7e32f,pay_S9lJCOdQVKupQJ,FPGA WORKSHOP,BRAHMA,brah_88050,697b8c43003e60257e56,,,
697b8c3a003a1c439765,pay_S9lJAdFQMuQat5,Mudhra (Bharathanatyam),BRAHMA,brah_70543,697b8c390031fcaaee5a,,,
697b8785002044c3bdb4,pay_S9kxdrNKQTzUne,FPGA WORKSHOP,BRAHMA,brah_36099,697b87700003f13edd0a,,,
697b8771000a3b012108,pay_S9kxdrNKQTzUne,FPGA WORKSHOP,BRAHMA,brah_36099,697b87700003f13edd0a,,,
697b8595003bca272a89,pay_S9kpHPNzOCG70W,Sumo Wrestling,BRAHMA,brah_59393,697b858b00330d89d047,,,
697b858d0001e3e6b40b,pay_S9kpHPNzOCG70W,Sumo Wrestling,BRAHMA,brah_59393,697b858b00330d89d047,,,
697b83620005a7908dcd,pay_S9kdkumPLY1o7j,FPGA WORKSHOP,BRAHMA,brah_40651,697b834b001a9027e7f8,,,
697b834c002687f11493,pay_S9kdkumPLY1o7j,FPGA WORKSHOP,BRAHMA,brah_40651,697b834b001a9027e7f8,,,
697b81230022145f5c7e,pay_S9kV6ZZ10wfSdh,RJ hunt,BRAHMA,brah_83299,697b8121002d1c57ce94,,,
697b805a0021fdbba12e,pay_S9kQwTRXSHcM8E,FPGA WORKSHOP,BRAHMA,brah_34319,697b8040002f04a9b19c,,,
697b8042000b7d3cdefb,pay_S9kQwTRXSHcM8E,FPGA WORKSHOP,BRAHMA,brah_34319,697b8040002f04a9b19c,,,
697b7ff0001e219b9388,pay_S9kPOcONspNGNd,Paintball,BRAHMA,ash_65057,697b7fef0016b65c8623,,,
697b7dff0035d04c2faa,pay_S9kGxZR4my42fz,FPGA WORKSHOP,BRAHMA,brah_83211,697b7df3000d33f2c280,,,
697b7df40010a6776efe,pay_S9kGxZR4my42fz,FPGA WORKSHOP,BRAHMA,brah_83211,697b7df3000d33f2c280,,,
697b7be1000b4d5a200d,pay_S9k7FvthU1NyKy,FPGA WORKSHOP,BRAHMA,brah_85730,697b7bd300292e9dee40,,,
697b7bd4002bbe1a5a23,pay_S9k7FvthU1NyKy,FPGA WORKSHOP,BRAHMA,brah_85730,697b7bd300292e9dee40,,,
697b7add00035b408010,pay_S9k2luwaeNqipE,FPGA WORKSHOP,BRAHMA,brah_30493,697b7ad200219630b554,,,
697b7ad300276ae6353b,pay_S9k2luwaeNqipE,FPGA WORKSHOP,BRAHMA,brah_30493,697b7ad200219630b554,,,
697b781300310b3928ff,pay_S9jq67zT3zrplA,FPGA WORKSHOP,BRAHMA,brah_74155,697b7812002c10420eb5,,,
697b77be001cab735fd6,pay_S9jotOdO29LRv0,Soulsync,BRAHMA,brah_92568,697b77b30007cffb4cbe,,,
697b77b4000e2a853ce9,pay_S9jotOdO29LRv0,Soulsync,BRAHMA,brah_92568,697b77b30007cffb4cbe,,,
697b6638000982284b4e,pay_S9iXYprrDw0EgW,Fifa Fever,BRAHMA,ash_89402,697b662d002cf2b442b0,,,
697b662e003056ca3137,pay_S9iXYprrDw0EgW,Fifa Fever,BRAHMA,ash_89402,697b662d002cf2b442b0,,,
697b5a4c002d23d4b42d,pay_S9hfqMIN09S8zW,Paintball,BRAHMA,brah_30083,697b5a3a0023dca01a8b,,,
697b5a3b0027512a84b4,pay_S9hfqMIN09S8zW,Paintball,BRAHMA,brah_30083,697b5a3a0023dca01a8b,,,
697b59700016b1e0534e,pay_S9hc0Fnh1jXrln,Clue Crusade,BRAHMA,brah_33315,697b595c002102f0d571,,,
697b595d002529beb4ea,pay_S9hc0Fnh1jXrln,Clue Crusade,BRAHMA,brah_33315,697b595c002102f0d571,,,
697b51c100366ccb8f15,pay_S9h3QLfq35fth9,Paintball,BRAHMA,brah_74450,697b51b3002108b690f3,,,
697b51b5001b185e2e95,pay_S9h3QLfq35fth9,Paintball,BRAHMA,brah_74450,697b51b3002108b690f3,,,
697b1fe10037327a4b25,pay_S9dQsBsCgxzk4B,Rhythmic Reign,BRAHMA,brah_74524,697b1fe00028073156cb,,,
697b132900080e352d40,pay_S9cVUyaAqbl58e,FPGA WORKSHOP,BRAHMA,ash_84299,697b13280003a1aea69a,,,
697b0a0d002aa5b26244,pay_S9bqM8K8v4on4N,FPGA WORKSHOP,BRAHMA,brah_58197,697b0a0c00251fb47632,,,
697af14e0018c71a158c,pay_S9a2rUjLvK24VM,Retro Carroms,BRAHMA,brah_40588,697af14c003721e85540,,,
697aef1d003d230aaf1f,pay_S9Zt6cHESfLl1O,Mudhra (Bharathanatyam),BRAHMA,brah_46983,697aef1c00393adb5be8,,,
697ae076001c8ef895ed,pay_S9YomAQ6LiH7PI,Mudhra(Kuchippudi),BRAHMA,brah_46983,697ae075000a0d5302af,,,
697a46840026317fd482,pay_S9NXgNJ7esRRUf,Final Drop,BRAHMA,brah_49326,697a46830020e2cd9687,,,
697a31420010390824d9,pay_S9M5CmgbDcxVqO,Rhythmic Reign,BRAHMA,brah_34576,697a3140003447613c06,,,
697a20c10021b0900e0c,pay_S9Kst2NRxCdECp,Carnival Nexus (feb 6),BRAHMA,brah_22439,697a20c00015cec7401f,,,
697a1c6f00325cf02da3,pay_S9KYdIA6x3saq3,Ragam,BRAHMA,brah_74609,697a1c6e002bbcaec50b,,,
697a13340014278ea517,pay_S9JttoJvvoCtf2,Mudhra (Bharathanatyam),BRAHMA,brah_56698,697a13330006c2b07c6d,,,
697a0d1300258c8c33dc,pay_S9JSFmdMBzTA9w,Soulsync,BRAHMA,brah_42777,697a0d120020e19fded2,,,
697a0b4d000346bca717,pay_S9JKVC7ivm1d38,Knives out,BRAHMA,brah_73676,697a0b4b003a1db82925,,,
6979fc0b001fc1e9c950,pay_S9IDUKM65RCg90,Knives out,BRAHMA,brah_26712,6979fc0a001c693010d9,,,
6979f6330034113935d5,pay_S9Hn0syVny7QPE,FPGA WORKSHOP,BRAHMA,brah_23196,6979f632002c8d4189e2,,,
6979bce3003960707c7e,pay_S9DciT6XcD6Tgj,FPGA WORKSHOP,BRAHMA,ash_86136,6979bce2003450a09b33,,,
6979bc63000ae2bd7095,pay_S9Dad9Q1XoVhiZ,Rhythmic Reign,BRAHMA,brah_25042,6979bc61003dbe30f5fc,,,
6979ae7b001e0160f70b,pay_S9CZoV6yhCl8Uj,FPGA WORKSHOP,BRAHMA,ash_65057,6979ae7a00197a6a88a8,,,
6979ac1800215db1143e,pay_S9CPDmskUoyGX9,FPGA WORKSHOP,BRAHMA,ash_75794,6979ac17001ba4d9c38a,,,
6979ab8f00272837f520,pay_S9Bxdza0wkY3GO,Evoque,BRAHMA,brah_29855,6979ab8e001e62254070,,,
6979aae70037d9225a3e,pay_S9CJfOA3ljLO1h,FPGA WORKSHOP,BRAHMA,ash_47126,6979aae600308ae63f94,,,
697999d00023c38f6f8a,pay_S9B4lPZXP39G9Y,MILITIA MADNESS,BRAHMA,brah_18010,697999cd0037d6ac0534,,,
69798d1b003806062d33,pay_S9A9Ot5oPdR2Ds,Mudhra (Mohiniyattam),BRAHMA,brah_61636,69798d1a0030bbf876f5,,,
697954740020841db729,pay_S962D6r5wF5Egb,N8N Workshop,BRAHMA,brah_58940,6979547300114e430f73,,,
697906b600133ab7590d,pay_S90No2QJbKU4bo,N8N Workshop,BRAHMA,brah_65422,697906b5000e3a435712,,,
6978f3a8002bc27c1bc8,pay_S8yzqzWZOyZGdi,IPL AUCTION,BRAHMA,brah_21564,6978f3a700152cc3f829,,,
6978ee54002ff199502f,pay_S8ybqG5H9DHTPU,Mudhra (Mohiniyattam),BRAHMA,brah_69507,6978ee5300050bbeea57,,,
6978edcb0025d12c12db,pay_S8yZUChyb3qbIJ,Mudhra (Bharathanatyam),BRAHMA,brah_69507,6978edca0004893665b4,,,
6978ece20021fb68d64c,pay_S8yVIMf4KJpTHv,Mudhra(Kuchippudi),BRAHMA,brah_69507,6978ece1001c57795a4d,,,
6978d81200177ce9ce38,pay_S8wzTrhqsijUOz,FPGA WORKSHOP,BRAHMA,brah_24103,6978d8110002f606d088,,,
6978d14c00384ef23378,pay_S8wVIqK8t2XiNm,Alekhya,BRAHMA,brah_19195,6978d14b003414afd9b4,,,
6978c6f40027ea3a00bc,pay_S8vkPjRJgFj80Q,RJ hunt,BRAHMA,brah_32248,6978c6f300237e7e8ae0,,,
6978c5de001df0b63ed7,pay_S8vfYeKf2L8veV,Retro Carroms,BRAHMA,brah_63214,6978c5dd00188b8f1953,,,
6978be7d002cc6639eb3,pay_S8v8JNGby65M9z,Soapy soccer,BRAHMA,brah_63939,6978be7c0028c7c2dfd2,,,
6978bb11001fadab5b96,pay_S8uspQcDpmg0Gi,Game of rooms (feb 8),BRAHMA,brah_63939,6978bb10001a92023c31,,,
6978b1370001b6b27dac,pay_S8uATOJeOVSqtM,Final Drop,BRAHMA,brah_13686,6978b135003bab521bc4,,,
69789f3e0034638934b0,pay_S8srbVBgG06s1I,Game of rooms (FEB 7),BRAHMA,brah_10896,69789f3d002e212f745f,,,
69789d32002f72e4ff9f,pay_S8shGXgfJb8dPF,Soulsync,BRAHMA,brah_98548,69789d3100295b0f4075,,,
69789bc00035e838539d,pay_S8sb8nhZjapxAP,N8N Workshop,BRAHMA,brah_74433,69789bbf00324aea955e,,,
69789b39003ca2ad6ae0,pay_S8sZSaHsVheWAV,Glow Ball,BRAHMA,brah_10896,69789b3800382a99859e,,,
69785aab0009a5ff3422,pay_S8nsSmnBMLkETw,Game of rooms (feb 8),BRAHMA,ash_54565,69785aa9002c76da6692,,,
697853660008fe750d80,pay_S8nLdJXfryupbN,RJ hunt,BRAHMA,brah_18432,697853650003791aa8f5,,,
69784bc0001c4c6d982e,pay_S8mn9Cq2j5QAWs,RJ hunt,BRAHMA,brah_30392,69784bbf000f06d13c66,,,
69779e43000946141cc4,pay_S8aADdsEaMcwSn,N8N Workshop,BRAHMA,ash_35530,69779e41003cf85c25b8,,,
69779ca3001b9fb1b5a4,pay_S8a3sxODd8fKZ9,N8N Workshop,BRAHMA,brah_58030,69779ca20011ad434908,,,
697797c8000c7448cca5,pay_S8Zi6MJQFlpXiX,Retro Carroms,BRAHMA,brah_33315,697797c700036211a7a7,,,
6977910400270925001e,pay_S8ZDIwciOVDYJl,N8N Workshop,BRAHMA,brah_19572,6977910300212a91513b,,,
697789f2000b4fbb5036,pay_S8YhuuOZPls6gn,FPGA WORKSHOP,BRAHMA,ash_21359,697789f0003a10cec726,,,
697776830014e597880a,pay_S8XHtHg9NnXynw,MILITIA MADNESS,BRAHMA,brah_29632,697776820007269a9c0f,,,
697774e5000447aa60d0,pay_S8XB27cScSJBVO,N8N Workshop,BRAHMA,brah_12271,697774e3002e8ab3151c,,,
6977733d0033dcf83d65,pay_S8X3awiIDnOAAj,Paintball,BRAHMA,brah_59393,6977733c00279e81db8b,,,
697768fd0025fa267259,pay_S8WJ60bubtpTiy,N8N Workshop,BRAHMA,brah_99819,697768fc0017e26b0d24,,,
697768f20032f7008016,pay_S8WIzdqBdffAGM,N8N Workshop,BRAHMA,ash_64747,697768f1002d3b4ef8de,,,
697767e4003cfbce0e41,pay_S8WEGtydRenFTN,MILITIA MADNESS,BRAHMA,brah_88777,697767e30033d1f6b183,,,
69773ef40011a693e1fa,pay_S8TFhUVozuS1Lh,Underarm Cricket,BRAHMA,brah_96142,69773ef30009ea62db51,,,
697738b40025d61f60c8,pay_S8SnUyQFMFJay1,BAND OF BRAHMA,BRAHMA,brah_57382,697738b3001c26417758,,,
6977034f0039a09f63b7,pay_S8OsxpTEvD9jrV,Mudhra (Bharathanatyam),BRAHMA,brah_52937,6977034e003656694f7b,,,
6976f09c0004c298799f,pay_S8NYNtU8EQJKje,FPGA WORKSHOP,BRAHMA,brah_16390,6976f09a003ac401b307,,,
6976636f0031a58d671c,pay_S8DHZCpb3cT5Fd,FPGA WORKSHOP,BRAHMA,brah_25232,6976636e002ae456b865,,,
6976630c0035b2c46610,pay_S8DD4fpFMQUZ1o,FPGA WORKSHOP,BRAHMA,brah_34117,6976630b00308226e8de,,,
69765dbd001382c882de,pay_S8Cscmw69aqqsL,Paintball,BRAHMA,brah_21222,69765dbc000db3326a45,,,
69764f560016b0ce9141,pay_S8BpjItwwZquRA,IPL AUCTION,BRAHMA,brah_96142,69764f55000bbc065497,,,
69764ef90030380766fe,pay_S8BoKH7j8CyAaa,Alekhya,BRAHMA,brah_59393,69764ef8002748c1ad86,,,
697646ab002d7e8c27a1,pay_S8BCeT03fUxiGF,Syncopate,BRAHMA,brah_96142,697646aa00227bb15ab2,,,
697638db0010660e19f8,pay_S8ACIyZuJxbfnQ,N8N Workshop,BRAHMA,ash_40695,697638da000795f1a22e,,,
6976181c000f93eea5a5,pay_S87osR0DF5kjk0,Knives out,BRAHMA,brah_87608,6976181a0039b50f718d,,,
69760b200024a53da81d,pay_S86sEbO3vjYaSE,Alekhya,BRAHMA,brah_91798,69760b1f001c09a7c4db,,,
6976065500330e929167,pay_S86WkMRS6qNebh,N8N Workshop,BRAHMA,ash_73114,69760654002b1a81bcb7,,,
6975fef10005b2f3ef51,pay_S85ywLuxiLDgVZ,N8N Workshop,BRAHMA,ash_43536,6975fef00002b11cbaa9,,,
6975eff200076793268e,pay_S84tmO0u8ojEyD,N8N Workshop,BRAHMA,ash_24628,6975eff10003b2fb20cd,,,
6975e999000559e37858,pay_S84R5v9WVTWMbD,Challenger Arena (feb 7),BRAHMA,ash_26126,6975e9980000901a259f,,,
6975e6650014c8e73a99,pay_S84CpoEOGHBskD,Paintball,BRAHMA,ash_26126,6975e663000ddf92ea70,,,
6975e5b30023e17ff812,pay_S849gFeUdatiOt,Paintball,BRAHMA,brah_29694,6975e5b2001e0313baa4,,,
6975e51800270220a3a0,pay_S846u8Syx3wJyj,Paintball,BRAHMA,brah_46199,6975e517002204b568de,,,
6975e00c0036424dcfe1,pay_S83hUmMKHsNTGy,RJ hunt,BRAHMA,brah_38141,6975e00b002e4b70f527,,,
6975da0e002405717dce,pay_S83J3PvBDmDlwe,Paintball,BRAHMA,brah_97329,6975da0d001cddbdc5c7,,,
6975d49b00230beff9fa,pay_S82uhDLFmYDkqZ,Mudhra (Mohiniyattam),BRAHMA,brah_90034,6975d49a001c261d5253,,,
6975ce9a000cd109b342,pay_S82TGG9gKKEqOx,Soulsync,BRAHMA,brah_85319,6975ce99000671b8d1a3,,,
6975befc000df157e7ab,pay_S81LCZeoCCZOWB,BAND OF BRAHMA,BRAHMA,brah_25135,6975befa003e607ce209,,,
6975bcc2002ccd38b6dd,pay_S81AywvW86Vt0v,Paintball,BRAHMA,brah_67939,6975bcc10025f25dfbf1,,,
6975bb28002681f52bb6,pay_S813xvYIiiXzFu,FPGA WORKSHOP,BRAHMA,brah_14212,6975bb27001fcf3bd9f5,,,
6975aee80039b786275c,pay_S80AvEktLYg3sz,Knives out,BRAHMA,brah_50626,6975aee70035bf78b637,,,
6975ac28000517d601ba,pay_S7zyIph6XUuxBb,FPGA WORKSHOP,BRAHMA,brah_25349,6975ac26003d3169cb24,,,
6975abaf003c29f7db23,pay_S7zwHCj2ZFllFe,Evoque,BRAHMA,brah_13217,6975abae0032472e9589,,,
6975a6dc0012f9d19869,pay_S7zZPzhjb9xU2w,FPGA WORKSHOP,BRAHMA,brah_11414,6975a6db00022289f06c,,,
6975a44f002b1b777af6,pay_S7zP9tBTXuiw0u,FPGA WORKSHOP,BRAHMA,brah_28115,6975a44e002481e1a884,,,
6975a10000284430aa2e,pay_S7zA3AY7LfbQtL,FPGA WORKSHOP,BRAHMA,brah_23119,6975a0ff00211ec51c0c,,,
69759fb600332f841580,pay_S7z4EL8Ffe0m6D,FPGA WORKSHOP,BRAHMA,brah_47412,69759fb5002639a9dc21,,,
69759b40000fda48e3d9,pay_S7yji6S5cRecOX,Ragam,BRAHMA,brah_29694,69759b3f000b6367611b,,,
697597b9002cd14d003f,pay_S7yUENPwpOUkIV,FPGA WORKSHOP,BRAHMA,brah_62143,697597b8001a9959076d,,,
697516c6000473c5b5a5,pay_S7p6gZWLfsERmf,Mudhra(Kuchippudi),BRAHMA,brah_90034,697516c5000f24728dc3,,,
697510b600341574f38d,pay_S7ofL842gU5YCT,Mudhra (Bharathanatyam),BRAHMA,brah_90034,697510b6000230e4b357,,,
697509380021e94adf7f,pay_S7deKvVn0whV42,Antenna Design Workshop,BRAHMA,brah_26593,697509380036c2cdff93,,,
6975063c003d42650397,pay_S7nuUZZ8ENlKZo,Web Craft,BRAHMA,brah_92614,6975063c0007592cbff2,,,
697503fb002a9f872414,pay_S7mfPdZYZa9rCs,Paintball,BRAHMA,brah_27243,697503fc000295a50e78,,,
6975031d002267cfb5b5,pay_S7jLADxL9bszuF,Knives out,BRAHMA,brah_30778,6975031d0039877743a8,,,
6974fd2a00022440e341,pay_S6r65NoSpMfwXx,Game of rooms (feb 8),BRAHMA,brah_36671,6974fd2a00197f34d6f2,,,
6974f986000397252b3c,pay_S7mytpYQHDiCj6,IPL AUCTION,BRAHMA,ash_11220,6974f9850008bc2e7d28,,,
6974f05100263909e2d3,pay_S7jVd6Cv8KBELD,Game of rooms (feb 8),BRAHMA,brah_30778,6974f0510039aeb4e34b,,,
6974eec100157ca44c70,pay_S7hmAjExQgzCSe,Final Drop,BRAHMA,brah_47970,6974eec100266905d36c,,,
6974ed9c001538a9dcc9,pay_S7m7M7ou5DIYYg,FPGA WORKSHOP,BRAHMA,brah_14592,6974ed9b0004f63fff90,,,
6974ea3f00129d2c4323,pay_S7hVP1iTOiXsa3,Antenna Design Workshop,BRAHMA,brah_76577,6974ea3f002e0b0ccdc2,,,
6974da160010f0353884,pay_S7khUqI9GEAkcB,Paintball,BRAHMA,brah_59677,6974da15000c3ccd56b5,,,
6974d17f00216a6f3090,pay_S7k4SKS4vc3IGU,Paintball,BRAHMA,brah_89449,6974d17e0028f20c336b,,,
6974cc1d002765c2117c,pay_S7jgPO2X2gDtjV,MILITIA MADNESS,BRAHMA,brah_42659,6974cc1c0024cec92656,,,
6974cab900371b7785b4,pay_S7jZusTUu3eZ7e,FPGA WORKSHOP,BRAHMA,brah_60093,6974cab90004c57429e9,,,
6974c8190023bae2df2e,pay_S7jOBnpWn3yMNG,Antenna Design Workshop,BRAHMA,brah_37110,6974c818002c509793d7,,,
6974a05d0025d698db0c,pay_S7gV9WHyEeSQxk,Antenna Design Workshop,BRAHMA,brah_55303,6974a05c0031c48803dd,,,
69749d8c001d41dc050c,pay_S7gHKtDwK6cEXI,Antenna Design Workshop,BRAHMA,brah_62441,69749d8b00298c89fde8,,,
69749ba20005c0c9eddf,pay_S7gA1kyH73tkS9,Knives out,BRAHMA,ash_12535,69749ba1000e371a4193,,,
697499a7003377a9f929,pay_S7g0teeIypjcBu,Antenna Design Workshop,BRAHMA,brah_18724,697499a700004c505409,,,
6974962d00001189e7d5,pay_S7flAULY9Lw8gy,Synapse Spark (Ideathon),BRAHMA,brah_13700,6974962c000b8113c8e5,,,
69749532001984ea6db5,pay_S7fgkEU6ktD1Wp,Voice Of Brahma,BRAHMA,brah_99319,6974953100263101e9bd,,,
69749234001ac44af15f,pay_S7fTD97jkIYIu3,MILITIA MADNESS,BRAHMA,brah_74766,697492330025f4d1b42c,,,
69748c3800272304e028,pay_S7f2G8XL6WtgyA,Antenna Design Workshop,BRAHMA,brah_18553,69748c3700333a1ee18a,,,
697486d70024913dcd29,pay_S7ee7LxlaNl9ll,FPGA WORKSHOP,BRAHMA,brah_40388,697486d6003098e700a3,,,
697483e500152c8afbcc,pay_S7eQu78JfIXhyX,Antenna Design Workshop,BRAHMA,brah_74921,697483e40021d979fa24,,,
6974835700202d91737e,pay_S7eNWcyahEPaDa,Antenna Design Workshop,BRAHMA,brah_13793,69748356002caa62195e,,,
697482210006f784a547,pay_S7eIoQIhier01G,Antenna Design Workshop,BRAHMA,brah_24144,69748220000a605149e4,,,
69747fd20018cb954462,pay_S7e8UFUl6LqfMV,Antenna Design Workshop,BRAHMA,brah_31101,69747fd100251ba58730,,,
697476a10038994066e8,pay_S7MUwCmREU1CZf,Alekhya,BRAHMA,brah_67079,697476a2000d26347ce8,,,
6974761400168e99ff85,pay_S7dQbsCZOcDHxI,Antenna Design Workshop,BRAHMA,brah_98618,697476130020dbdf227d,,,
697471a2001f67652ba3,pay_S7M4E7W9S5fWH7,Antenna Design Workshop,BRAHMA,brah_72143,697471a200325a476b66,,,
69745c83001cb693166c,pay_S7bZM32iyMX5Ws,Antenna Design Workshop,BRAHMA,brah_87365,69745c8200280a424d65,,,
69745692002fd3a3b24a,pay_S7b8axOqrrLPzJ,FPGA WORKSHOP,BRAHMA,brah_78196,69745691003c2ef85205,,,
697454e600002d0e3d7d,pay_S7b11zr5GtZMIw,Retro Carroms,BRAHMA,brah_21113,697454e5000c6dc1dd20,,,
6973bf30001e3c6f01fd,pay_S7Q7MlA4laaig5,FPGA WORKSHOP,BRAHMA,brah_19530,6973bf2f0028e1ced1bd,,,
6973ba4a000f8bfd4fb2,pay_S7PlBqZNKyfhMd,FPGA WORKSHOP,BRAHMA,brah_94236,6973ba49001af7d936c2,,,
6973b146003e305e95ec,pay_S7P5V6H1xVRajP,FPGA WORKSHOP,BRAHMA,brah_69047,6973b1460008e8adf03d,,,
6973b0e800313508be17,pay_S7P67y1ecC2LX2,FPGA WORKSHOP,BRAHMA,brah_15026,6973b0e7003ceb2c60fc,,,
6973ac9f00305799e877,pay_S7OmaOvcqPLfrk,Paintball,BRAHMA,brah_11810,6973ac9e0035a098f722,,,
6973ac4d000a35c2aeb2,pay_S7OkQbXlUj9jSv,FPGA WORKSHOP,BRAHMA,ash_11222,6973ac4c0016b8a8eb9f,,,
6973a4a000112f31a536,pay_S7OCmqI57LE5be,FPGA WORKSHOP,BRAHMA,brah_85193,6973a49f001bc322785b,,,
6973a414002f901d7e20,pay_S7O9w7zWX8vYmh,Antenna Design Workshop,BRAHMA,brah_12236,6973a4130033f25f0591,,,
697398e200275421eed3,pay_S7NLqHZnebnpAL,FPGA WORKSHOP,BRAHMA,brah_56325,697398e100278dca81f5,,,
697398580035574ef23b,pay_S7NJPR5zHqfabp,FPGA WORKSHOP,BRAHMA,brah_48121,6973985700351b34354a,,,
6973971b0024501cf6a6,pay_S7NDohX1D51X19,Paintball,BRAHMA,brah_78538,69739719003ad3bccf9c,,,
6973951200209aa55a8d,pay_S7N4KQjizWnL0d,Antenna Design Workshop,BRAHMA,brah_37095,69739511001e5f003252,,,
697390ec00327fe32c16,pay_S7MllSK77VanLa,FPGA WORKSHOP,BRAHMA,brah_91197,697390eb00323244fb3b,,,
69738f06002775a1ec91,pay_S7Md6DpzTvCKaW,FPGA WORKSHOP,BRAHMA,brah_23230,69738f050025faa4feaf,,,
69738b5800329a78c483,pay_S7MMgo9LL3fycC,Alekhya,BRAHMA,brah_88042,69738b570035fd1edc04,,,
69738b1f002dc3e19faf,pay_S7MLbtAmH3E7Um,FPGA WORKSHOP,BRAHMA,brah_16181,69738b1e002a3aba83fe,,,
69738ae70024c40131dc,pay_S7MKdz3pM0Cv6B,Antenna Design Workshop,BRAHMA,brah_30281,69738ae600300c6550e4,,,
697389580008a5d40eb7,pay_S7MDTJr0YLA7P6,Game of rooms (feb 8),BRAHMA,ash_74537,69738957000b5395eedb,,,
6973890a00116c6b4abb,pay_S7MCCoty46biG2,FPGA WORKSHOP,BRAHMA,brah_43846,69738909000e214718f0,,,
697388350007726e1f98,pay_S7M8RCyTlc03Z8,FPGA WORKSHOP,BRAHMA,brah_79685,6973883400088c54d2be,,,
697387b300001c76b6a4,pay_S7M5xkvL4fCo53,Antenna Design Workshop,BRAHMA,brah_24762,697387b2000074486442,,,
697385ae001c04151829,pay_S7LwqJsHuL7PHZ,Antenna Design Workshop,BRAHMA,brah_77756,697385ad00229dd88599,,,
697384ff001ccd86148e,pay_S7LturDjMYPnoq,Antenna Design Workshop,BRAHMA,brah_14731,697384fe0017430e214c,,,
6973790600258ec65e79,pay_S7L224R0ZYXSA4,Antenna Design Workshop,BRAHMA,brah_25535,69737905002a16ed13b9,,,
697366f0001e129d0f60,pay_S7JhtWdqE4BWT7,Game of rooms (feb 8),BRAHMA,brah_91688,697366ef00291079f72d,,,
697345b9000b3ce8f295,pay_S7HItift7xY7E7,BGMI TDM,BRAHMA,brah_78756,697345b80011fcebe6cb,,,
697331c60022f9be7830,pay_S7FpE3mYU7tQpE,Knives out,BRAHMA,brah_79685,697331c5002eae9e41e4,,,
697318650009033d826c,pay_S7E0MJpsIY7fq6,Antenna Design Workshop,BRAHMA,ash_11220,6973186400133879c4b7,,,
697307e5002586d28359,pay_S7Co8FxiBcb145,FPGA WORKSHOP,BRAHMA,brah_62395,697307e4002dbefb4fd3,,,
697306090027fbc67691,pay_S7CfOpghPGWHOi,FPGA WORKSHOP,BRAHMA,brah_45077,697306080033285680cf,,,
697305e3003b89977ae6,pay_S7CfAsmaVWwRmn,FPGA WORKSHOP,BRAHMA,brah_53937,697305e3000750c2e435,,,
697305d000192fa6c987,pay_S7CePazOBXb3ms,FPGA WORKSHOP,BRAHMA,brah_15339,697305cf0023e046ef3d,,,
6973055b002010dbb062,pay_S7CchIMbP7Up5Z,FPGA WORKSHOP,BRAHMA,brah_29071,6973055a002a1d7f8c5b,,,
697304f7000ed2c3c521,pay_S7CaqjVlLBsjOF,FPGA WORKSHOP,BRAHMA,brah_10058,697304f60019cf9d591c,,,
697279cf00303ef3d9ff,pay_S72TiemAAcmViV,Game of rooms (feb 8),BRAHMA,brah_93268,697279ce003cfc990df0,,,
697279c3003adf159531,pay_S72TGk7XHBNy6D,Game of rooms (feb 8),BRAHMA,brah_23918,697279c300076b1eb8c7,,,
697277560006e7bacf35,pay_S72IU54pcfSE5M,Knives out,BRAHMA,brah_13845,6972775500124be6d6cf,,,
6972647e0039f2062e75,pay_S70vMtGWNuGUTZ,Mudhra (Bharathanatyam),BRAHMA,brah_85172,6972647e000658e30558,,,
697260ba00332c89e233,pay_S6y18TyDUFa7cv,Antenna Design Workshop,BRAHMA,brah_83356,69724bc5000e898d6c6c,,,
697260120012995fb08c,pay_S6zlzwBFKswPtj,Antenna Design Workshop,BRAHMA,brah_49666,69726012001d8dd73597,,,
69725ddc002a9a72521a,pay_S70RQ8szu4Ser1,FPGA WORKSHOP,BRAHMA,brah_41154,69725ddb0033a53b0a8f,,,
69725ddc000890270a22,pay_S70RopdXRLwN8d,FPGA WORKSHOP,BRAHMA,brah_68198,69725ddb00139bfb63b5,,,
69725156001d1264a188,pay_S6zXPMyiJC1Irp,Knives out,BRAHMA,brah_68333,69725155002715e411ff,,,
6972511a00078a4b632d,pay_S6zWBBZoWv4G5x,Knives out,BRAHMA,ash_27774,69725119001122cd0731,,,
69724eb000002512fd64,pay_S6zLNIXKFPKSN4,Ragam,BRAHMA,brah_14131,69724eaf000ad8b4e5a2,,,
69724e39000adfe2fbfd,pay_S6zJDKKXNrZxuw,Antenna Design Workshop,BRAHMA,brah_67299,69724e3800123b9e2e2e,,,
69724164003301ae96da,pay_S6yNhKVbV1RfeB,Valorant Tournament,BRAHMA,brah_90946,697241630036a6de60ac,,,
69723d5b0036ff5cf2d7,pay_S6y5NKcfODtO0V,Antenna Design Workshop,BRAHMA,brah_41477,69723d5a003b92e153b8,,,
69723c9b001bb884f52d,6.02E+11,BGMI TDM,BRAHMA,bra_58178,69723b290024f31aee8f,,,
69723a6a002a39cb18cb,pay_S6xrzLVhvmU6zZ,Soulsync,BRAHMA,brah_90955,69723a69002ce994a207,,,
697239b20028df03659e,pay_S6xoohKYijlhHL,Antenna Design Workshop,BRAHMA,brah_22113,697239b10027d7873b09,,,
697231ca0004febcc435,pay_S6xFAJlhQu5fMU,Knives out,BRAHMA,ash_74537,697231c9000bc7f38c9d,,,
697221c80017b9b1f9f1,pay_S6w4trcSEg3Bjs,Popcorn Brainstorm,BRAHMA,brah_19612,697221c60032b2b37eb2,,,
69721523002b55852921,pay_S6v9fvjTt6PxAB,FPGA WORKSHOP,BRAHMA,brah_34487,697215220035a38449c1,,,
6972057300291f386036,pay_S6u1PuXdYwSmP4,Knives out,BRAHMA,brah_96679,69720572002f5758bea6,,,
6971fd54000abe0b706f,pay_S6tQCaAGkvAfIQ,Valorant Tournament,BRAHMA,brah_45643,6971fd530013ee3c9027,,,
6971eb2e00033b9ed4d1,pay_S6s6Gc2N4kJT7x,Knives out,BRAHMA,brah_91197,6971eb2d000a49aab0a3,,,
6971e6d7001c942525e7,pay_S6rnG0w0oJLD9l,Game of rooms (FEB 7),BRAHMA,brah_40310,6971e6d600251833b14f,,,
6971e036000fff589c4e,pay_S6rFwmDqsquFZ5,BGMI TDM,BRAHMA,brah_15423,6971e03500180e63445a,,,
6971dee1001e34725e5d,pay_S6c12HaWSqZiDc,FPGA WORKSHOP,BRAHMA,brah_36499,6971ddd900269c932dc6,,,
6971ddbf002d10a176ad,pay_S6r8Kye6btqgJp,Soapy soccer,BRAHMA,brah_40122,6971ddbe0036e06be4b1,,,
6971ddb5000f2756b909,pay_S6r8DB0Uhyp3BQ,Game of rooms (FEB 7),BRAHMA,brah_30898,6971ddb400185df44a03,,,
6971d78300039384ac45,pay_S6qgD0drIJQgNP,Alekhya,BRAHMA,brah_42607,6971d782000ce227e5d6,,,
6971d474003b16ff632c,pay_S6qRyq6QJ25z8e,Paintball,BRAHMA,brah_47065,6971d474000643097944,,,
6971d244000ce236284e,pay_S6qIWBk1q2Qhkx,Knives out,BRAHMA,brah_75607,6971d2430018d3d57dfa,,,
6971d0a200268f525cdc,pay_S6qBIa1iYoqERE,Antenna Design Workshop,BRAHMA,ash_36698,6971d0a1000d79e35005,,,
6971cfc90033d47a85be,pay_S6q1lAoDl9TTbQ,Paintball,BRAHMA,brah_93334,6971cfc8003d087d01b4,,,
6971cfae001b1d549c22,pay_S6q6m6nKzw6Vjh,BAND OF BRAHMA,BRAHMA,brah_84371,6971cfad0021b02fc694,,,
6971c6f7000b7bca19e4,pay_S6pTiBZZ50xfxS,BGMI TDM,BRAHMA,brah_10372,6971c6f6000c0e9b40f4,,,
6971baa00017794482a2,pay_S6oa9NFkayQmGH,BAND OF BRAHMA,BRAHMA,brah_52572,6971ba9f001de483d96d,,,
6971b66f0025702f440f,pay_S6oH9U5hV1n9uc,BGMI TDM,BRAHMA,brah_58388,6971b66e002e84aeb1e2,,,
6971b60a002c9eb2a306,pay_S6oErrfF2FYXJE,Voice Of Brahma,BRAHMA,brah_26007,6971b6090030d23ffe6f,,,
6971b57e0027084ef594,pay_S6oCq6GKHqmh61,BGMI TDM,BRAHMA,bra_49253,6971b57d002faa0856f9,,,
6971b4740031b9b2dc99,pay_S6o8IYPb2R1jbn,Valorant Tournament,BRAHMA,ash_31590,6971b4730038e3ba0c63,,,
6971ae050020e6acd62c,pay_S6nf9vgVDZk0uE,Game of rooms (FEB 7),BRAHMA,brah_41547,6971ae04002ad998e84e,,,
69719ec3001f4ef69d39,pay_S6mYRIRsnSAL9T,Soapy soccer,BRAHMA,brah_72324,69719ec200284e89bd58,,,
69718c48002a45b52506,pay_S6lDKPSCz9Q0Ny,Rapocalypse,BRAHMA,brah_58733,69718c470033449cc0dc,,,
697178fe00161f91be15,pay_S6jjiCuKFJnMtj,BGMI TDM,BRAHMA,brah_21981,697178fd000c13aad960,,,
6971226e001b76f89191,pay_S6dWMtgcLfdKwf,Valorant Tournament,BRAHMA,brah_79577,6971226d00230f3047fe,,,
697118550013f51a078a,pay_S6cmDM2stLIP7o,Ragam,BRAHMA,brah_49437,69711854001dfde1868b,,,
69710fb9002d58ed915e,pay_S6c9tGrA0Cla7Y,FPGA WORKSHOP,BRAHMA,brah_46941,69710fb80035548dacde,,,
69710f67002464fd2799,pay_S6c892vyEBomt0,FPGA WORKSHOP,BRAHMA,ash_60993,69710f66002fab623ed0,,,
69710eeb000b1f02daf2,pay_S6S832CcEgmmUK,Paintball,BRAHMA,brah_32856,69710de00017821ce729,,,
69710ce30012dc2c1857,pay_S6bxIEHg9dELa0,Voice Of Brahma,BRAHMA,brah_54925,69710ce2001dbb2f7021,,,
69710b3600187ee3b94d,pay_S6bpHSjbV2SozC,FPGA WORKSHOP,BRAHMA,brah_13755,69710b350021640875f5,,,
69710aeb00271eda34b8,pay_S6SPXQCeqCC7IC,KICKOFF MANIA,BRAHMA,brah_69188,69710897003d322e7aa2,,,
6971042d0033041262bc,pay_S6bJIYNbCFaSkj,Paintball,BRAHMA,ash_60993,6971042c003c840aa7df,,,
6970fd07003b80792d6d,pay_S6anXXr6YMAIja,Antenna Design Workshop,BRAHMA,brah_96959,6970fd0700043f42f939,,,
6970f38c0006e90c1c6b,pay_S6a6pg6S5kpe4s,KICKOFF MANIA,BRAHMA,brah_30401,6970f38b000f48200f67,,,
6970f2410030d11ff858,pay_S6a0nZ3mu8XQ8W,BGMI TDM,BRAHMA,brah_45910,6970f240003a29f73480,,,
6970f1ea002ee728c3ab,pay_S6ZzaMU5W5jOYf,Paintball,BRAHMA,brah_68225,6970f1e90036bc94fd54,,,
6970f15e001fff29125e,pay_S6Zwxa4Zf3Hksw,KICKOFF MANIA,BRAHMA,brah_66237,6970f15d002c5ca12c79,,,
6970f15d00372ec6ceba,pay_S6Zx834XLEvxYH,KICKOFF MANIA,BRAHMA,brah_38030,6970f15d000111313ca3,,,
6970f12a003d93127e96,pay_S6Zvx6Yg9eqPYF,Voice Of Brahma,BRAHMA,brah_23959,6970f12a0002c26d5e63,,,
6970f00000257f336ccc,pay_S6ZqmS6ca2Wrua,KICKOFF MANIA,BRAHMA,brah_43981,6970efff002dc29fc099,,,
6970ead0001797765c39,pay_S6ZSCShKmm9k4L,KICKOFF MANIA,BRAHMA,brah_59886,6970eacf002220a53fcb,,,
6970e9010006e2f6c199,pay_S6ZLMw0cDIb6YQ,BGMI TDM,BRAHMA,brah_91388,6970e90000104719b210,,,
6970e8670036f3429811,pay_S6ZFwHXGJHDqwE,KICKOFF MANIA,BRAHMA,brah_62759,6970e8670001747dcbb4,,,
6970e434000daa52200d,pay_S6YzkJDZOkEZOV,KICKOFF MANIA,BRAHMA,brah_31275,6970e4330013bd778938,,,
6970e1150000b28d6701,pay_S6YlXapC2VTlTg,KICKOFF MANIA,BRAHMA,brah_56678,6970e114000acd0a0dc7,,,
6970dfc3001ed993f984,pay_S6YfYT8JPfIuEt,Valorant Tournament,BRAHMA,brah_26532,6970dfc20020f7491214,,,
6970ddf4003b6a44281a,pay_S6YXcERrzyEGLg,KICKOFF MANIA,BRAHMA,brah_58388,6970ddf40005569ffff8,,,
6970d7ab00325e0e096f,pay_S6Y5BYYqDA5fcp,Ragam,BRAHMA,brah_92424,6970d7aa003903a0a5ba,,,
6970d53d002a8ad756e8,pay_S6XuG9Ag4qAmci,KICKOFF MANIA,BRAHMA,brah_49223,6970d53c002f8264b2d8,,,
6970d4dc0037d511d21a,pay_S6XsUWyqxePiML,KICKOFF MANIA,BRAHMA,brah_58064,6970d4db003c79622fd7,,,
6970d1b50004dc3cbeb1,pay_S6XdN0zKV3jTDT,BGMI TDM,BRAHMA,brah_71986,6970d1b3003aea59325e,,,
6970cc7b000db9681fb0,pay_S6XGmp5Hz4eU8Q,Fifa Fever,BRAHMA,brah_10058,6970cc7a0015f9b37d13,,,
6970c9f600019c0c7fa6,pay_S6X5QZJQf1achd,KICKOFF MANIA,BRAHMA,brah_64893,6970c9f5000af6f961d2,,,
6970c8ff00198a95871b,pay_S6X18LXZHFwBbI,BGMI TDM,BRAHMA,brah_95204,6970c8fe002127d6f84b,,,
6970c81d003bf880922f,pay_S6Ww6BJdnTHwBq,Valorant Tournament,BRAHMA,ash_14974,6970c81d0000c3b9e651,,,
6970c7c400352b1e86a1,pay_S6WvVNzLjreFsl,KICKOFF MANIA,BRAHMA,brah_92320,6970c7c3003d9be6137a,,,
6970c53a000d9d9cd46b,pay_S6WjvXjYl2bu7N,Antenna Design Workshop,BRAHMA,brah_70395,6970c53900137cc395aa,,,
6970c4720036fd415372,pay_S6Wg1vIg8uD7Wz,Antenna Design Workshop,BRAHMA,ash_58428,6970c471003a493486b8,,,
6970c28a001d0fed4087,pay_S6WXtXYWlHMnd0,KICKOFF MANIA,BRAHMA,brah_11580,6970c289000796523acc,,,
6970be130023ff0d072b,pay_S6WDjIshNM4i9z,Ragam,BRAHMA,brah_24561,6970be12002d4032e5e9,,,
6970bc5b002120475d0b,pay_S6W64NKi21r0R5,KICKOFF MANIA,BRAHMA,brah_68005,6970bc5a002b31fd4916,,,
6970bb0e0012fc2c66e5,pay_S6W0H2sDsR3aXw,KICKOFF MANIA,BRAHMA,brah_83095,6970bb0d001c815a8387,,,
6970b9f40002b3fbe2a1,pay_S6VupFeTXE1Nrr,KICKOFF MANIA,BRAHMA,brah_92382,6970b9f3000a663266f8,,,
6970b793000347ac8c19,pay_S6VkPhZ8FYXCLb,KICKOFF MANIA,BRAHMA,brah_13535,6970b792000c9f01dca0,,,
6970b69c001dda014fa2,pay_S6VgEHOtMgN2Ww,KICKOFF MANIA,BRAHMA,brah_38718,6970b69b0029e5ee7346,,,
6970b54000166ffec20a,pay_S6VZhfRoiWv3DG,Rhythmic Reign,BRAHMA,brah_22888,6970b53f0017bd2536ed,,,
6970b1f5001b2775512e,pay_S6VJPR2uYzaVBg,KICKOFF MANIA,BRAHMA,brah_98283,6970b1f400241595c8a0,,,
6970a9d9001f99388b5f,pay_S6UkbTQopequp8,Ragam,BRAHMA,brah_73116,6970a9d8002a020d764e,,,
69708e5900093da823c1,pay_S6SkjihnOuhTiV,KICKOFF MANIA,BRAHMA,brah_54217,69708e5800129d009dfa,,,
6970874400200d3a9fe1,pay_S6SEuSUFrlrYGq,BGMI TDM,BRAHMA,brah_32259,6970874300295585a050,,,
69708656002053d4f345,pay_S6SA7vz9PNvumR,Popcorn Brainstorm,BRAHMA,brah_40070,69708655002b33b1d1a0,,,
6970825c00131fad63b6,pay_S6RsjQiEXTM58m,Alekhya,BRAHMA,brah_53725,6970825b001df99d05b4,,,
697081bd0024028db6f4,pay_S6Rpxoo310bI9D,KICKOFF MANIA,BRAHMA,brah_24303,697081bc0024efb7a86b,,,
697080ee00302b581c3c,pay_S6Rm0aGmeXVG4N,KICKOFF MANIA,BRAHMA,brah_18061,697080ed003b0a1f718f,,,
69708069003c82f28a95,pay_S6RjjBOjSuKKf3,KICKOFF MANIA,BRAHMA,brah_32856,6970806900085475b552,,,
69707f55001f295f97ef,pay_S6ReZsg0efW3fI,KICKOFF MANIA,BRAHMA,brah_74433,69707f5400276a61d923,,,
69707d9f002d0934a5fe,pay_S6RXMxhe8zovA3,MILITIA MADNESS,BRAHMA,brah_70211,69707d9e003588972607,,,
69707d7c001deb3d1614,pay_S6RWiGmraqNcLN,KICKOFF MANIA,BRAHMA,brah_10605,69707d7b002011e08622,,,
69707d690025d436bb2f,pay_S6RWPfO11G11dU,Rhythmic Reign,BRAHMA,brah_61316,69707d6800273e5989f7,,,
69707a7a000408fcaaa8,pay_S6RJEvgO21Z5Bs,KICKOFF MANIA,BRAHMA,brah_20263,69707a79000d399afef1,,,
697075cd00027b04d6b4,pay_S6Qy7CcRtc8Wbn,Soapy soccer,BRAHMA,brah_98594,697075cc000cd96fab20,,,
69706454001a622977e6,pay_S6PhLJJAJYjydQ,Valorant Tournament,BRAHMA,brah_50485,697064530025d380f438,,,
697062b8001cbbcb1978,pay_S6PZyFUzWz80Df,KICKOFF MANIA,BRAHMA,brah_61044,697062b700273455d947,,,
6970625a0006358a7f48,pay_S6PYVTw7LMxaMQ,KICKOFF MANIA,BRAHMA,brah_48727,697062590010bb58a06b,,,
69705c6300374c8847a8,pay_S6P7PxCntiSD74,Alekhya,BRAHMA,brah_19682,69705c6300031e6582af,,,
697049f200346ad933b2,pay_S6NmNqRiCiwcsc,Ragam,BRAHMA,brah_92966,697049f20000a2d2bdbb,,,
69704911000b5dbda881,pay_S6NiBxTbvVKNQc,Alekhya,BRAHMA,brah_35432,69704910001503ade3e2,,,
6970485c003309e54c5a,pay_S6NfGOY3Y7yXDK,KICKOFF MANIA,BRAHMA,brah_86428,6970485c00005446df7e,,,
69704686000ffb8fc27f,pay_S6NWzeHA1olmD6,Alekhya,BRAHMA,brah_16726,69704685001ad156e7e2,,,
69703242001c5b935a27,pay_S6M3Vb544yY6Tg,Antenna Design Workshop,BRAHMA,brah_10603,69703241002713932bea,,,
696fb4180019039e2cf4,pay_S6Ct6W6bjYR1vC,Knives out,BRAHMA,brah_91688,696fb4170024b71318e8,,,
696fb2a5001da9d3b610,pay_S6CmNQ58TuHHee,Valorant Tournament,BRAHMA,brah_84015,696fb2a40025ae9f2b46,,,
696f9f4d001817b16431,pay_S6BNNJAush74iE,Final Drop,BRAHMA,brah_10405,696f9f4c00224eb6db79,,,
696f9c89000336a3e24f,pay_S6BARSHHfnqZrk,Antenna Design Workshop,BRAHMA,brah_33027,696f9c880009ec1b196b,,,
696f9bf10006cc94010c,pay_S6B7AdaqY7h2p9,Knives out,BRAHMA,ash_68530,696f9bf00006ea3f2cc1,,,
696f9b61002e7c64f8d7,pay_S6B5VHQV10Ntom,Antenna Design Workshop,BRAHMA,brah_71503,696f9b600035d3cfe4bd,,,
696f993f00257a55934d,pay_S6Avr6GJ5g06oy,Alekhya,BRAHMA,ash_68530,696f993e002e4a05e0a3,,,
696f977e002cf5d01a8f,pay_S6An4Th0XByBTv,Voice Of Brahma,BRAHMA,brah_27427,696f977d003071054371,,,
696f95790021fd5a837e,pay_S6Af5tGf3DRdZ9,Soulsync,BRAHMA,brah_75901,696f9578002a142d7711,,,
696f954b0032723ba21f,pay_S671scvrnxTjR1,Voice Of Brahma,BRAHMA,brah_74609,696f94f5003abe2d31a5,,,
696f9403002a570953f7,pay_S6AXhmRBajs5jo,Paintball,BRAHMA,brah_56325,696f9402002f0404c5da,,,
696f90af000e2e65b9f5,pay_S6AINVTnsFslKH,Antenna Design Workshop,BRAHMA,brah_82428,696f90ae0013b5b586a4,,,
696f8fdb00219e53900f,pay_S6AFd9Ers8WOFe,Antenna Design Workshop,BRAHMA,brah_78464,696f8fda002cbca802af,,,
696f8032002353f4ed1e,pay_S6977u6n89jPYl,Antenna Design Workshop,BRAHMA,brah_89408,696f8030003b71a630e6,,,
696f802b0037d28ef80d,pay_S696lQJonKVqAW,BAND OF BRAHMA,BRAHMA,brah_96481,696f80290036cee04672,,,
696f7fe20028c6ef943e,pay_S695jxfFtjppoR,Ragam,BRAHMA,brah_55222,696f7fe0002c8a0e4aac,,,
696f7e5d00099843cd18,pay_S68yedCkKYrFQV,Antenna Design Workshop,BRAHMA,brah_92551,696f7e5c0010e4a58a19,,,
696f79e60018ddc52c80,pay_S68e1jwaZp81B2,Game of rooms (FEB 7),BRAHMA,ash_90860,696f79e50020bc5f3cdb,,,
696f788b0025d4e48e77,pay_S68XwWnDOnLrKl,Alekhya,BRAHMA,brah_16181,696f788a002c363ff8cf,,,
696f73af0035f71b4934,pay_S68CcD66JCGboq,Antenna Design Workshop,BRAHMA,brah_34961,696f73ae0037ac215f5e,,,
696f6fc7002d1ae411bf,pay_S67urSBAD6tk14,Alekhya,BRAHMA,brah_83539,696f6fc600255998659c,,,
696f62670009200dd610,pay_S66wqXS83AHpPJ,ASIET Talkies,BRAHMA,brah_43846,696f626600143e7aedfe,,,
696f4f86001da78a1725,pay_S65ZcJ8jAInxgf,BAND OF BRAHMA,BRAHMA,brah_65174,696f4f850023981457ce,,,
696f3a5400045eacfee6,pay_S642LmnGG6M89Z,Antenna Design Workshop,BRAHMA,brah_65571,696f3a53000deac66c44,,,
696f356900017872fa3f,pay_S63frVWh8gNaSC,KICKOFF MANIA,BRAHMA,brah_69337,696f3568000aea3631d0,,,
696f32dd001aa9aa26df,pay_S63TlRDn9otEdW,KICKOFF MANIA,BRAHMA,brah_80805,696f32dc0023bd352cec,,,
696f22c700189dc5c96f,pay_S62KKoipE4XonP,MILITIA MADNESS,BRAHMA,brah_78689,696f22c6001ff1fb03a9,,,
696f0f73003404d55fda,pay_S60umYu8IVw2qA,Voice Of Brahma,BRAHMA,brah_43304,696f0f730000bfcbad09,,,
696f0b4a00311ef1bdb9,1.17E+11,KICKOFF MANIA,BRAHMA,brah_55801,696f0ab7003638c97378,,,
696f09990005e35702b8,pay_S5xOMQuqr6fn4p,Ragam,BRAHMA,,696f081c0036947eb712,,,
696f01c50024f162f3dd,pay_S5zutaHW5tZgQD,Final Drop,BRAHMA,brah_76028,696f01c4002f000f3b69,,,
696ef36300247499c17e,pay_S5ysWoKhR3uwWk,KICKOFF MANIA,BRAHMA,brah_56325,696ef36200318a894651,,,
696ef10a003e39da1c48,pay_S5yi1Bq8qgjtI1,KICKOFF MANIA,BRAHMA,brah_68333,696ef10a00086c4211d5,,,
696eecca0013aa890bf6,pay_S5yOcFhaxbPXQR,RJ hunt,BRAHMA,brah_12143,696eecc9001596cb9b54,,,
696e7f2500093faeffc5,pay_S5qQXHj4JQ1A9d,Voice Of Brahma,BRAHMA,brah_32248,696e7f240014684c1d72,,,
696e6dda003b9aa4f1a8,pay_S5pARxEfdJmICM,Rhythmic Reign,BRAHMA,brah_29794,696e6dda00063a31fb52,,,
696e662600073ce9866c,pay_S5obvuptszKntx,Ragam,BRAHMA,brah_27623,696e6625000463730082,,,
696e61a1000d9aa9cc86,pay_S5oHb4wPAAPXMB,KICKOFF MANIA,BRAHMA,brah_48218,696e61a00015761aa3e6,,,
696e617f00269723087c,pay_S5oH2OIYb9OLqC,BGMI TDM,BRAHMA,brah_74322,696e617e002b1b206a14,,,
696e54ff0006c5ecf49b,pay_S5nMEcfj9EXb44,Fifa Fever,BRAHMA,brah_40815,696e54fe001246e1e177,,,
696e533c001dcda44063,pay_S5nEiQcdtrWTVB,Mudhra(Kuchippudi),BRAHMA,brah_47673,696e533a00145f4ae9a6,,,
696e52dd001496d2a7e2,pay_S5nD4NEIPZKREx,Mudhra (Mohiniyattam),BRAHMA,brah_47673,696e52dc0010d7f3cbf3,,,
696e52630010051bb109,pay_S5nArmD3J5i2Xh,Mudhra (Bharathanatyam),BRAHMA,brah_47673,696e5262001ada2fc06e,,,
696e51750024d309ad65,pay_S5n6iJkecfJglk,RC Lapz,BRAHMA,brah_40815,696e51740026e83821b3,,,
696e4f3900065ce26bb9,pay_S5mwUL8K3hSOZO,KICKOFF MANIA,BRAHMA,brah_57777,696e4f37003c03254c0d,,,
696e480a0010591f858c,pay_S5mQOUVyJdjZL6,KICKOFF MANIA,BRAHMA,brah_53440,696e4809001a7411326c,,,
696e43230020051c9980,pay_S5m49hqZxGNKyD,Mudhra (Bharathanatyam),BRAHMA,brah_37431,696e4322002b934548be,,,
696e38f8000545d1bdd4,pay_S5lKEjOIdblk3H,IPL AUCTION,BRAHMA,brah_32914,696e38f700009441436b,,,
696e368100236a16df62,pay_S5l9KvUqOCo2mU,Antenna Design Workshop,BRAHMA,brah_64537,696e36800026f80c8a84,,,
696e356d002e79d58b3d,pay_S5l4Kjf1417ZfU,Antenna Design Workshop,BRAHMA,brah_99600,696e356c002071f123b7,,,
696e1fdd003083af3f28,pay_S5jV6Ghbrbfer1,Mudhra(Kuchippudi),BRAHMA,brah_81920,696e1fdc0035d55cf09b,,,
696e1054003ab3b431b4,pay_S5iN1tAJ69iDyW,KICKOFF MANIA,BRAHMA,brah_78216,696e10540006639c2961,,,
696e0e48002c260857eb,pay_S5iDyCsh8IAY9s,Voice Of Brahma,BRAHMA,brah_53815,696e0e4700377bd981dc,,,
696e02ac003ab0af9c1c,pay_S5hNfEGncTrVmZ,Alekhya,BRAHMA,brah_65426,696e02ac00070d0fdf6e,,,
696dfd870032ea533c44,pay_S5h0ffWvcVzvdB,Voice Of Brahma,BRAHMA,brah_82892,696dfd86003d9bd79a9e,,,
696df5e300078af58fdd,pay_S5gRqnoJCNUsX3,Voice Of Brahma,BRAHMA,brah_43197,696df5e20010b411d00a,,,
696debb1001d1deef5dc,pay_S5fi0MlYklZ392,Alekhya,BRAHMA,brah_34808,696debb000268e0e2fa6,,,
696de6e6000d21132133,pay_S5KlSR1VSmfVYM,Mudhra (Bharathanatyam),BRAHMA,brah_91961,696de60f00219f79bb0c,,,
696de0970039ab928b7e,pay_S5etY49mpARidk,Voice Of Brahma,BRAHMA,brah_29985,696de09700056d07ffa9,,,
696de082003ab20567e9,pay_S5etgRUlP9werU,KICKOFF MANIA,BRAHMA,brah_70134,696de0820006c5880cff,,,
696ddc00001542ac938d,pay_S5eZNwsTX7140z,Voice Of Brahma,BRAHMA,brah_27623,696ddbff001c7fe3e104,,,
696dba3d000607f35943,pay_S5c70ZgR1FsUZW,RJ hunt,BRAHMA,brah_75987,696dba3c000e33dabff3,,,
696da1db00394a82360f,pay_S5aLJn4gP6ix8d,ASIET Talkies,BRAHMA,bra_88980,696da1db00050da4b9ff,,,
696d95500015438e3e92,pay_S5ZQjYihdSmLmO,KICKOFF MANIA,BRAHMA,brah_87486,696d954f001a2513fd92,,,
696d327100187b890683,pay_S5SF5G8ZQraTZj,KICKOFF MANIA,BRAHMA,brah_58814,696d327000235a871f03,,,
696d23170036bb6d2d51,pay_S5R7z6PVAtpNAd,Voice Of Brahma,BRAHMA,brah_26262,696d23170002e7d46348,,,
696d1ee7001b72dc987a,pay_S5Qp6qIRLOPzBl,Soulsync,BRAHMA,brah_71535,696d1ee600224119a0b6,,,
696d14d5001f55407b99,pay_S5Q5gfH360dqpW,Voice Of Brahma,BRAHMA,brah_84371,696d14d400285b02c360,,,
696d0f94001ba88e2022,pay_S5Pi1jOmbX4VlP,IPL AUCTION,BRAHMA,brah_87387,696d0f930028116e64c7,,,
696d095d0026fb6b2126,pay_S5PGAsQkODjiba,Mudhra (Bharathanatyam),BRAHMA,brah_76754,696d095c0032808f7338,,,
696cebed003cc2794b51,pay_S5N7NIHHqt28Zn,KICKOFF MANIA,BRAHMA,brah_17620,696cebed000a94af4b50,,,
696ce2a300005de8d3f5,pay_S5MRORoCPzbBom,Voice Of Brahma,BRAHMA,brah_84492,696ce2a1003e1c44a5e2,,,
696cdde50006295762f5,pay_S5M60QRU1UnrJI,KICKOFF MANIA,BRAHMA,brah_78976,696cdde4000dbe39f116,,,
696cdb690008f83119c4,pay_S5LumDhyRGCyUW,KICKOFF MANIA,BRAHMA,brah_42607,696cdb6800075bdc67ac,,,
696cc17c0004d307cbb7,pay_S5K1tcMUukmXuY,Voice Of Brahma,BRAHMA,brah_15284,696cc17b0011427d4b15,,,
696cbf660039185b683e,pay_S5JsilsDIcw7Tx,Mudhra(Kuchippudi),BRAHMA,brah_39431,696cbf6600056702451f,,,
696cbf260022211d7c7c,pay_S5JrZYkgOlr3vl,Mudhra (Mohiniyattam),BRAHMA,brah_39431,696cbf25002add1e392a,,,
696cbeb5002f07b6790e,pay_S5JpWEzkoY7xjp,Mudhra (Bharathanatyam),BRAHMA,brah_39431,696cbeb40039d028ba07,,,
696cba3a003a6c23e0d7,pay_S5JVIqBNQpoqS4,Voice Of Brahma,BRAHMA,brah_92966,696cba3a00089d0d6836,,,
696cb7ce000a5f777d90,pay_S5JJlSl5HFI3jW,Mudhra(Kuchippudi),BRAHMA,brah_78989,696cb7cd0013b425feab,,,
696cb3110038f8e5a898,pay_S5Iz1VKpapP8dx,Mudhra (Bharathanatyam),BRAHMA,brah_87456,696cb31100040b2c6183,,,
696cb19e00287bc771b4,pay_S5IsDhPQa9n2Oe,IPL AUCTION,BRAHMA,brah_67686,696cb19d002fbb6ac069,,,
696c99ad000b8e525b1f,pay_S5H8aAHDnXXQlw,IPL AUCTION,BRAHMA,brah_38342,696c99ac00065dc4b3cb,,,
696c9366000882ed9c95,pay_S5GgFC92CwcDm7,IPL AUCTION,BRAHMA,brah_28037,696c9365000aee27dcee,,,
696c724c0016ce6eccf0,pay_S5EHA0mpLeQAbT,KICKOFF MANIA,BRAHMA,brah_46343,696c724b001fd2a61a42,,,
696c6c930031fc0f5bca,pay_S5Dr9TwZicQBJA,Paintball,BRAHMA,brah_69337,696c6c92003a8458466c,,,
696c5287001ca2aec29f,6.02E+11,KICKOFF MANIA,BRAHMA,bra_93566,696c5248002384553edd,,,
696bf3f10029d8429d47,pay_S554bieyIHrI0J,KICKOFF MANIA,BRAHMA,brah_82270,696bf3f0003528f18416,,,
696bb923000f76294333,pay_S50nnh8JlAVIga,KICKOFF MANIA,BRAHMA,brah_52968,696bb9220019864f80c0,,,
696b90a3002a14c25226,pay_S4xrxYaFTfPXW5,IPL AUCTION,BRAHMA,brah_42359,696b90a2002a64ced597,,,
696b75f0001cc5197dc5,pay_S4vuttVYfIc7Ug,KICKOFF MANIA,BRAHMA,brah_95024,696b75ef00296d1795e3,,,
696b7361000b9914c893,pay_S4vk6JPQjFah2S,KICKOFF MANIA,BRAHMA,brah_54335,696b736000134a8dc1c6,,,
696b494d003b489171a2,6.38E+11,Mudhra (Mohiniyattam),BRAHMA,brah_23541,696b494d000464ee115e,,,
696b45e4000f5207e06a,6.38E+11,Paintball,BRAHMA,brah_34057,696b45e30009629819be,,,
696b42a60018f79270cd,6.02E+11,Paintball,BRAHMA,brah_19612,696b42a5001f0a35b65c,,,
696b427f0000101742eb,6.02E+11,KICKOFF MANIA,BRAHMA,brah_10218,696b427e000a84958047,,,
696b40d50037ecffed77,6.38E+11,KICKOFF MANIA,BRAHMA,brah_20277,696b40d50003400ef9da,,,
696b2c9b0022b21e59f1,6.02E+11,KICKOFF MANIA,BRAHMA,brah_40893,696b2c9a002ee936c415,,,
696b1fef002edfd2f2d9,6.02E+11,KICKOFF MANIA,BRAHMA,brah_42926,696b1fee00356f29ed87,,,
696b1f8e002ae4a783e8,6.02E+11,KICKOFF MANIA,BRAHMA,brah_25892,696b1f8d00333214805b,,,
696b1ddf0011633d37a2,CICAgjiUmaj5Sg,Paintball,BRAHMA,brah_82745,696b1ddd0025600610ac,,,
696b1c2b003432b6b65f,1.17E+11,Paintball,BRAHMA,brah_36671,696b1c2a003a937809ba,,,
696b1a8e003464379cbf,6.02E+11,Paintball,BRAHMA,bra_22087,696b1a8d0038c3b554d5,,,
696b02e9003a4aae5f75,CICAgJiU3pX4Lg,KICKOFF MANIA,BRAHMA,brah_82745,696b02e900055f94e7e4,,,
696a871b002a43e45cab,6.02E+11,KICKOFF MANIA,BRAHMA,brah_96537,696a871a003578f07896,,,
696a707b000c1712fa87,6.02E+11,Paintball,BRAHMA,bra_11696,696a7079001a7a90e1fe,,,
696a69f9002da6ace318,6.02E+11,KICKOFF MANIA,BRAHMA,bra_55080,696a69f80034ad208b8f,,,
696a659f002621c4a0a5,289793374,Paintball,BRAHMA,bra_26144,696a659e001b24e5c218,,,
696a63950038618096cf,6.02E+11,KICKOFF MANIA,BRAHMA,bra_95887,696a6394002b73253237,,,
696a5bb20000928335da,6.02E+11,KICKOFF MANIA,BRAHMA,bra_22087,696a5bb000275773b463,,,
696a3b070019698a147c,6.38E+11,Voice Of Brahma,BRAHMA,bra_33302,696a3b0600224de79a31,,,
696a393c001882f5356b,6.38E+11,KICKOFF MANIA,BRAHMA,bra_54749,696a393b001bcc5402f1,,,
696a383b002f3f14c07e,6.38E+11,KICKOFF MANIA,BRAHMA,bra_28054,696a383a002f4aaf9047,,,
6969fb4100095bdf86a6,1.17E+11,Voice Of Brahma,BRAHMA,bra_25976,6969fb40000a87e9cafe,,,
6969ce6a003514bfc5ea,6.38E+11,BGMI TDM,BRAHMA,bra_34789,6969ce69003da04a44e5,,,
6969364c002d51f4774d,6.02E+11,KICKOFF MANIA,BRAHMA,bra_97970,6969364b00366e0ae738,,,
6986e327003cc94e88f6,pay_SDAKdMC5HKatyE,RC Lapz,ASHWAMEDHA,ash_16006,6986e3260039f109a8c1,,,
6986d79b003adcfd1b7d,pay_SD9UjlIvPDjkis,RC Lapz,ASHWAMEDHA,ash_90858,6986d79a003617c5587c,,,
69845a0500145ef5b461,pay_SCP8enjcvo8JNV,Maths Escape Carnival,ASHWAMEDHA,ash_29320,69845a04001195ececd1,,,
698457ac00038f85eb5b,pay_SCOyYL8AcZue0S,Infinity castle,ASHWAMEDHA,brah_74322,698457ab0000919c40b9,,,
698454fc000829123a92,pay_SCOmbhHKwgDMGa,Eyes Off,ASHWAMEDHA,ash_70649,698454fb00054d8703a5,,,
6984540a002a847defbd,pay_SCOiMQ7spcS816,Infinity castle,ASHWAMEDHA,brah_98826,698454090026713dbda5,,,
69845277003d646ad3df,pay_SCObGf34asqftf,Eyes Off,ASHWAMEDHA,ash_12174,698452760037ed9b3620,,,
69844ee4001438f74413,pay_SCOL9Xfj820koz,Guess the gibberish,ASHWAMEDHA,ash_29488,69844ee300107c5eb814,,,
69844e9f003dc258cd52,pay_SCOJiShmJJc3ks,Guess the gibberish,ASHWAMEDHA,ash_86883,69844e9e003942314b94,,,
69844d90001c2d7ffe41,pay_SCOFASqSEtGDRd,Guess the gibberish,ASHWAMEDHA,ash_73254,69844d8f001819132231,,,
69844d8b0038e537af33,pay_SCOF5W1KZ5Btsq,Guess the gibberish,ASHWAMEDHA,ash_78859,69844d8a003717525e82,,,
69844d80003cb5dcf8b7,pay_SCOEtj06C7tgpD,Eyes Off,ASHWAMEDHA,ash_69197,69844d7f00399b7e1868,,,
69844d27000bd645e8fa,pay_SCOCkqVu4XSBp5,Guess the gibberish,ASHWAMEDHA,ash_52192,69844d25002b2f6f0c06,,,
69844ce8001b7ae5f5e6,pay_SCOCD3uYcX1ESV,Guess the gibberish,ASHWAMEDHA,ash_64244,69844ce700177b80be30,,,
6984497200233975fa85,pay_SCNwc0rJtZM1rv,Guess the gibberish,ASHWAMEDHA,ash_49009,69844971001bf0d4986b,,,
6984489f002327485e59,pay_SCNstFr4gVEJHQ,Infinity castle,ASHWAMEDHA,ash_12036,6984489e000233652c82,,,
698448870024173e035f,pay_SCNsTW8Sya8xDR,Guess the gibberish,ASHWAMEDHA,ash_62654,69844886001f96921a01,,,
698448180024f7fd894a,pay_SCNqE3TEVsy48m,Infinity castle,ASHWAMEDHA,ash_73768,698448170000e4264f49,,,
6984473d00111b742420,pay_SCNmdercQP5Pfl,Guess the gibberish,ASHWAMEDHA,brah_83299,6984473b0011ab149044,,,
69844680002756d2d6b3,pay_SCNjKGc1jaCVr9,Eyes Off,ASHWAMEDHA,ash_13422,6984467f002408c5a7b7,,,
6984450600330b00f4c8,pay_SCNcfktpUKXcb8,Infinity castle,ASHWAMEDHA,ash_71809,69844505002f78e27e19,,,
698440b90013f3c505df,pay_SCNIs7tiie5HI0,Maths Escape Carnival,ASHWAMEDHA,ash_64041,698440b800105b50f485,,,
69844024000b4abbfb40,pay_SCNFkn5HMtWdzc,Guess the gibberish,ASHWAMEDHA,ash_76720,698440230006a0950a82,,,
69843f0e002593ef924e,pay_SCNBmbFXlxw8Hu,Infinity castle,ASHWAMEDHA,ash_54816,69843f0d00212c703d8f,,,
69843ecf000285c0b868,pay_SCNAEStdiyTOGE,Guess the gibberish,ASHWAMEDHA,brah_30346,69843ecd00215d8415ca,,,
69843e1a002d41ef3545,pay_SCN7Ty3pX38cIm,Infinity castle,ASHWAMEDHA,ash_16113,69843e19002af81aa0d0,,,
69843cd70024e17cba4b,pay_SCN1chfREbDnf4,Guess the gibberish,ASHWAMEDHA,ash_92791,69843cd6002120747dbb,,,
69843ca3000f18aaf11b,pay_SCN0W4FYnpbjpR,RC Lapz,ASHWAMEDHA,ash_65468,69843ca2000c736f62c1,,,
69843c9300201891d141,pay_SCN0bUZEesKR3w,Infinity castle,ASHWAMEDHA,ash_81481,69843c92001c7f981c35,,,
69843c470034955a1bc5,pay_SCMzGnbUZZ7p1t,Infinity castle,ASHWAMEDHA,ash_98619,69843c4600316108a4bd,,,
69843c340022b80a3102,pay_SCMyczBmjimePi,Guess the gibberish,ASHWAMEDHA,ash_12310,69843c330020defa9df0,,,
69843b1e000dda49de5c,pay_SCMtmP5u653OjN,Infinity castle,ASHWAMEDHA,brah_28586,69843b1d000547151262,,,
69843b1d001f8cdc4b23,pay_SCMtqxooH1LQp3,Guess the gibberish,ASHWAMEDHA,ash_78029,69843b1c001c86775015,,,
69843ab70030eef84a85,pay_SCMrx48QmfLGyr,N8N Workshop,ASHWAMEDHA,ash_83980,69843ab6002d0ab52e8b,,,
698439bb00145f3b370c,pay_SCMnTKOm9kQy2d,RC Lapz,ASHWAMEDHA,ash_35774,698439ba0011cce0e577,,,
698438fe001e64dab778,pay_SCMkQXKTS68WjT,Eyes Off,ASHWAMEDHA,ash_91814,698438fd001a84675351,,,
698438830036a460dc60,pay_SCMiHcjVJUS8Aw,Maths Escape Carnival,ASHWAMEDHA,brah_71274,6984388200171c11b717,,,
698437a7002cd6e8b8ce,pay_SCMdt0HmosKToa,RC Lapz,ASHWAMEDHA,ash_38067,698437a60025b1b83c39,,,
698436c50016241125d5,pay_SCMaB5DfLFNdcJ,RC Lapz,ASHWAMEDHA,ash_25255,698436c4001232aead91,,,
698435c1001c91ccebc2,pay_SCMVqyOLP1XNnj,Guess the gibberish,ASHWAMEDHA,brah_43197,698435c0001967e2427f,,,
69843549003cb7439118,pay_SCMTVUDXb06tqJ,Guess the gibberish,ASHWAMEDHA,ash_43650,698435480039123c3490,,,
698434310008007ee922,pay_SCMObSjwBz6T9O,Eyes Off,ASHWAMEDHA,ash_95405,698434300004b162be53,,,
698433760033a8687835,pay_SCMLWdY9zym2V5,Guess the gibberish,ASHWAMEDHA,ash_74498,698433750014222bc0d2,,,
6984326e00264925c9c7,pay_SCMGk53wkNUUKg,Maths Escape Carnival,ASHWAMEDHA,brah_69367,6984326d00213d1d8db0,,,
698431ed00144c859734,pay_SCME58SHJDNEcA,Maths Escape Carnival,ASHWAMEDHA,brah_18010,698431eb00345145a3fc,,,
698430d90012893f4600,pay_SCM9kKtQoLaOYE,Guess the gibberish,ASHWAMEDHA,brah_40651,698430d8000f9ffa8873,,,
6984304c00260681143e,pay_SCM6tlYL0577ga,NeuroClash,ASHWAMEDHA,ash_77499,6984304b002252cea69c,,,
698430420019c93ce9f2,pay_SCM6rWSdIyEDvP,Paradox arena,ASHWAMEDHA,ash_30079,6984304000375845a18d,,,
69842ed6003cb4ce160d,pay_SCM0fGbTkpA2li,Infinity castle,ASHWAMEDHA,ash_74498,69842ed5001ac4c21874,,,
69842e06000038dc4bc6,pay_SCLwhGGRmjJYam,RoboPixel,ASHWAMEDHA,ash_37054,69842e04003b921dbefe,,,
69842df3003e5a98a648,pay_SCLuuAHFxWAdVb,RoboPixel,ASHWAMEDHA,ash_35936,69842df2003c1beb4563,,,
69842cf50002248f1688,pay_SCLrthgRX5D9Du,Gokart workshop,ASHWAMEDHA,ash_89325,69842cf3003cebecda07,,,
69842cd100341d6f71bd,pay_SCLrLxGrIDYYjT,Gokart workshop,ASHWAMEDHA,ash_35365,69842cd00030d7376622,,,
69842ccc0029579f8ce6,pay_SCLrK00G05jr5S,Gokart workshop,ASHWAMEDHA,ash_40754,69842ccb002594816a1b,,,
69842cbf003bbfd77988,pay_SCLrGW17iyOOSz,Infinity castle,ASHWAMEDHA,ash_67154,69842cbe001b795a4dd4,,,
69842cbc00073a093483,pay_SCLqzbqAtHXfqY,Gokart workshop,ASHWAMEDHA,ash_53765,69842cbb0003b8092190,,,
69842ca40014031eeff4,pay_SCLq1uBLILL2bN,RoboPixel,ASHWAMEDHA,ash_14941,69842ca2003529069f24,,,
69842c2e000126119550,pay_SCLoJQPAJRNW2q,RoboPixel,ASHWAMEDHA,ash_58138,69842c2c003aaf4be153,,,
69842c08000928d45ba7,pay_SCLo1b3go7n1OZ,Guess the gibberish,ASHWAMEDHA,ash_36205,69842c06001c90a8fe38,,,
69842bf600155cf878cf,pay_SCLnS1sZmRT3fJ,Guess the gibberish,ASHWAMEDHA,ash_88984,69842bf50012d6e92326,,,
69842be1003c929219b3,pay_SCLn3ply457SEQ,Guess the gibberish,ASHWAMEDHA,brah_59069,69842bdb001587a15df8,,,
69842b7e00070ba60b91,pay_SCLlOrKXLgKhvs,Gokart workshop,ASHWAMEDHA,ash_21289,69842b7d00039df3b729,,,
69842b4e002924179b72,pay_SCLkdDTSZ5dCRS,Eyes Off,ASHWAMEDHA,ash_45797,69842b4d0026114be6cb,,,
69842b10003e4e4c4125,pay_SCLiyz9eBO8w9o,RC Lapz,ASHWAMEDHA,ash_22368,69842b0f003b90dbe334,,,
69842b0c002d3216fc0a,pay_SCLjFkwE1GFa3w,Eyes Off,ASHWAMEDHA,ash_68835,69842b0b002976412e00,,,
69842ace001eb00950d7,pay_SCLiI1C7AU26b5,Quad Bike Workshop,ASHWAMEDHA,brah_36698,69842acd001c11eb22cb,,,
69842a9a001bee07cde2,pay_SCLhQql9RqZx5J,RC Lapz,ASHWAMEDHA,ash_85952,69842a9900189db10059,,,
69842a4a0025fb46cd9c,pay_SCLfrizcs0GtXC,RoboPixel,ASHWAMEDHA,ash_63595,69842a49002331bd8c0a,,,
69842a3b0001e7917b41,pay_SCLfYVjpRIOj1Z,RoboPixel,ASHWAMEDHA,ash_19517,69842a390020473a5d77,,,
698429eb00190f8d5f04,pay_SCLeKUjTOwd8Ky,RoboPixel,ASHWAMEDHA,ash_64762,698429e9003765605c76,,,
698429bb0012d2f78696,pay_SCLdfpVR2oTfLi,Gokart workshop,ASHWAMEDHA,brah_84354,698429ba001014b256b9,,,
698429b700338cbddca8,pay_SCLdACpqWLXHgC,RoboPixel,ASHWAMEDHA,brah_11978,698429b600300014ecb1,,,
6984298d0029208ab309,pay_SCLc51hXCXK94P,Guess the gibberish,ASHWAMEDHA,ash_95646,6984298c0023dcc7269b,,,
6984298a003251ed7c9d,pay_SCLcRMQvDflpP5,RoboPixel,ASHWAMEDHA,ash_17037,6984298900296b825682,,,
69842950002cf886bf10,pay_SCLbWmILa08xbh,RoboPixel,ASHWAMEDHA,ash_59961,6984294f002a2996d33c,,,
69842937000b81ac3b54,pay_SCLaxBbStoBDRz,Infinity castle,ASHWAMEDHA,ash_12644,69842935000e9378f4ed,,,
69842910001e272cae0d,pay_SCLZqNucECftn6,Eyes Off,ASHWAMEDHA,ash_76669,6984290f001a843cb151,,,
698428fb002c69f8bce7,pay_SCLaIMRki2QDt2,Guess the gibberish,ASHWAMEDHA,ash_27422,698428fa0023f9b951e7,,,
698428ad0009701ddf63,pay_SCLYj03C8u09ll,Infinity castle,ASHWAMEDHA,bra_11696,698428ac0006f8e2b0df,,,
698428a7000e0ca589da,pay_SCLYWcADLu4enL,Infinity castle,ASHWAMEDHA,brah_20713,698428a6000aaba346e0,,,
6984286d00264cf0b3f9,pay_SCLX9veEGlvHxP,RoboPixel,ASHWAMEDHA,ash_29188,6984286c002335555209,,,
6984284e000cf16c7865,pay_SCLX5LhnTpRl4d,Carnival nexus (feb 5),ASHWAMEDHA,brah_34057,6984284d000a332e5e2d,,,
698427fa001135e22950,pay_SCLVSZ5SZrXJnK,Guess the gibberish,ASHWAMEDHA,ash_82592,698427f8002c98bfe75e,,,
698427eb0004d328e41a,pay_SCLVGPSvmdDQVf,Guess the gibberish,ASHWAMEDHA,brah_96819,698427ea0001b67e0273,,,
698427d10029987978a3,pay_SCLUhO0BXNKai1,Eyes Off,ASHWAMEDHA,ash_14031,698427d000257c08f3dd,,,
698427bb0022e9789aa8,pay_SCLUf6NGxiMkb9,Eyes Off,ASHWAMEDHA,brah_94236,698427ba001d8b835437,,,
69842770003167bc4dd1,pay_SCLT2Y2y1x67Nl,Infinity castle,ASHWAMEDHA,brah_24303,6984276f002cfa6f2d34,,,
6984276d000b90eb2dcc,pay_SCLSWazDwH4YhI,NeuroClash,ASHWAMEDHA,brah_85319,6984276c0006bd33e41d,,,
698427390030f6c0ef90,pay_SCLS1cG5XIRaSV,NeuroClash,ASHWAMEDHA,ash_85870,6984273800106d466f0d,,,
698426c3001e69b9c839,pay_SCLQIErUcZAVsW,Guess the gibberish,ASHWAMEDHA,brah_32856,698426c2001a022b8fca,,,
6984269e00228312ad55,pay_SCLPdzQmcPpScV,Guess the gibberish,ASHWAMEDHA,ash_27076,6984269d001d03cd9972,,,
69842690003b9e723e26,pay_SCLPNn5cVAbVQz,Eyes Off,ASHWAMEDHA,brah_69047,6984268f0019cfa7c5f8,,,
698426890006f5aed7eb,pay_SCLPGZae7bvD3V,Quad Bike Workshop,ASHWAMEDHA,ash_43348,698426880002a8ea7f4b,,,
6984257200107f6d6601,pay_SCLJAWFZbqA3R9,Infinity castle,ASHWAMEDHA,ash_91472,69842570002b4a9cc5fc,,,
6984255a0006bd48b89d,pay_SCLHfvJaDzRy7T,Electrothon,ASHWAMEDHA,ash_86588,698425590002a87f32a5,,,
698425290032df792893,pay_SCLJ4rcgIwgZ0k,Management Maestros,ASHWAMEDHA,ash_98250,69842528002cf98505c5,,,
6984250f001a712d3877,pay_SCLHGh1DBVwtFX,Management Maestros,ASHWAMEDHA,ash_22496,6984250e0013de6dce44,,,
698424f4000d3a6d463c,pay_SCLHwHGgqpBwll,Eyes Off,ASHWAMEDHA,ash_91453,698424f30009ff34b7ba,,,
698424cb0008f9d6c7b0,pay_SCLH6jjdh14nzt,Management Maestros,ASHWAMEDHA,ash_54928,698424ca00036d365327,,,
698424b1000a6449106c,pay_SCLGb2GptyEnww,Infinity castle,ASHWAMEDHA,ash_27102,698424b000059ab21448,,,
6984249200272fdc7ddc,pay_SCLGOVY7vmDGDI,Circuit Bombing,ASHWAMEDHA,brah_23335,6984249000179de66224,,,
6984249200009e9c5b0e,pay_SCLGOfoy3wj5ts,Circuit Bombing,ASHWAMEDHA,ash_87853,69842490003b02ecd1a2,,,
6984246700239943f419,pay_SCLFU0Ikcm4rk5,Infinity castle,ASHWAMEDHA,bra_26144,69842466001f17b5f2c1,,,
698424130009262865d2,pay_SCLDudBrm3BoId,Gokart workshop,ASHWAMEDHA,ash_52926,698424110016c393d7bb,,,
6984239700117ac11e99,pay_SCLBz5ezXmi3VA,Turing Trails,ASHWAMEDHA,ash_16282,69842396000cd9143cb9,,,
6984236c00018f42b897,pay_SCLBETzUuWAO8t,Electrothon,ASHWAMEDHA,brah_63403,6984236a003bbbc6a950,,,
6984234000319dbcfeb2,pay_SCLABKlVdwbJ9U,Turing Trails,ASHWAMEDHA,ash_69340,6984233f002cadac0a92,,,
6984233000156d8fe44d,pay_SCLA0upD1piwv6,Quad Bike Workshop,ASHWAMEDHA,ash_95405,6984232f001110faca32,,,
6984230e003097755f5e,pay_SCL8YoTuktx23p,Turing Trails,ASHWAMEDHA,brah_39816,6984230d002c7d2bf0e3,,,
6984229d0011d889b82d,pay_SCL7ECxymlA5Is,Turing Trails,ASHWAMEDHA,brah_51867,6984229c000cb09e3f45,,,
6984224d00205a97124e,pay_SCL6BVjznbhg6F,Turing Trails,ASHWAMEDHA,ash_50107,6984224c001d639ef182,,,
69842244002282a9b0e9,pay_SCL5qIXkUbsPdy,Quad Bike Workshop,ASHWAMEDHA,ash_65981,69842243001ffc4bb9ff,,,
69842224003305f8b34e,pay_SCL5HysrSbxhb9,Infinity castle,ASHWAMEDHA,ash_10821,69842223002facf14130,,,
6984220000189d84ae74,pay_SCL4pOz706XVMr,Infinity castle,ASHWAMEDHA,ash_91814,698421ff001360f9cb7b,,,
698421d2001041d596c0,pay_SCL3mYUpVp8KK8,Turing Trails,ASHWAMEDHA,ash_58956,698421d1000ca0c10536,,,
6984219c000fb7ada2e8,pay_SCL2rsn20xyeow,Infinity castle,ASHWAMEDHA,ash_54806,6984219b000d863ee051,,,
6984216c000dfbe5cd7a,pay_SCL2DiYUlSkyCu,Management Maestros,ASHWAMEDHA,ash_19853,6984216b0007e7db321f,,,
69842037000a0b835c2d,pay_SCKwZHDfGCl2jA,Gokart workshop,ASHWAMEDHA,brah_88739,6984203600061c49c458,,,
69841ffb00289c80af01,pay_SCKpY2PlFxyfH3,Guess the gibberish,ASHWAMEDHA,ash_71199,69841ffa0023c94cbb50,,,
69841e94000c640f3f88,pay_SCKoMeboReEjUq,RoboPixel,ASHWAMEDHA,ash_88922,69841e93000954724ef1,,,
69841e260023f2ace59c,pay_SCKnTJyUuAhRXE,Management Maestros,ASHWAMEDHA,ASH_61033,69841e25001f5d4fc14a,,,
69841dc70002a6fb0ab2,pay_SCKlOERkmVXj7C,Infinity castle,ASHWAMEDHA,ash_76621,69841dc5003e07df0e9d,,,
69841c9d003934ce8384,pay_SCKgQ73IOUuCJq,Gokart workshop,ASHWAMEDHA,brah_92296,69841c9c0035e182ddb7,,,
69841c590030e9db2916,pay_SCKfCZKvm7JL8c,Infinity castle,ASHWAMEDHA,brah_59618,69841c58002ceb1a18fe,,,
69841bea001b5bb1d442,pay_SCKcMh2ntquX21,RC Lapz,ASHWAMEDHA,ash_20063,69841be9001786a4f01c,,,
69841be8000dfbf767b3,pay_SCKdMOH45fXBZV,MARKETRIX (Marketing Game),ASHWAMEDHA,ash_32525,69841be7000a2c23cff7,,,
69841bd0000a9a6a3963,pay_SCKcwAeLss54Po,MARKETRIX (Marketing Game),ASHWAMEDHA,ash_80865,69841bcf00038afd89e8,,,
69841bb4002f0cf182ee,pay_SCKcAaBwDMdg7p,Infinity castle,ASHWAMEDHA,brah_30346,69841bb30029ee38bf17,,,
69841b9f000e2238488c,pay_SCKbWLZk0tsMal,Electrothon,ASHWAMEDHA,ash_38958,69841b9e0006eb38ad73,,,
69841b790004810e54b9,pay_SCKbP5KhIi510h,Asthra,ASHWAMEDHA,ash_75491,69841b77003e03c7c1a4,,,
69841afb00003b405ac7,pay_SCKYpjolu0Yr38,Management Maestros,ASHWAMEDHA,ash_87426,69841af90038d4fbbf45,,,
69841ae200128d513f9c,pay_SCKYYBESk5jms1,Maths Escape Carnival,ASHWAMEDHA,ash_11220,69841ae0002eccb4bc5a,,,
69841aa6002dc6a4b431,pay_SCKXY43YzvHxjH,Management Maestros,ASHWAMEDHA,ash_29950,69841aa50027f55064cf,,,
69841a1c00097f6e9a1d,pay_SCKVGRK2tVV3xC,Management Maestros,ASHWAMEDHA,ash_70216,69841a1b0005c1f64bff,,,
698419da000d43846baa,pay_SCKTzaW4ZHVhK7,Maths Escape Carnival,ASHWAMEDHA,ash_28274,698419d90009da6047a9,,,
698419c6002a2be8270b,pay_SCKTkycuIGVDd2,Maths Escape Carnival,ASHWAMEDHA,brah_48860,698419c50024c9352217,,,
6984194100390cece712,pay_SCKRGQu1F4TbL5,Quad Bike Workshop,ASHWAMEDHA,brah_76292,698419400034f732c7d3,,,
69841913001d3b531b2d,pay_SCKQOS1WzOHtW6,Guess the gibberish,ASHWAMEDHA,ash_40164,698419120019e0ac61d3,,,
698418620016a409b6f6,pay_SCKND3KgJsaVog,IOT Sparks,ASHWAMEDHA,ash_14106,698418610012204db8a7,,,
6984172d00308aa666c6,pay_SCKHjLY6zwH169,Prompt And Roast ,ASHWAMEDHA,ash_38235,6984172c002d3b4ddbdd,,,
698415fe0007eae73d75,pay_SCKC9otpbkND8e,Electrothon,ASHWAMEDHA,ash_23518,698415fd0000ea180d63,,,
698414e000381d3414a8,pay_SCK7TuQPMMnmTX,Gokart workshop,ASHWAMEDHA,brah_62714,698414df003580853fe7,,,
698414e0001d2ac26251,pay_SCK7Sz8qkfSf72,Gokart workshop,ASHWAMEDHA,brah_20613,698414df0019b40c30d6,,,
69841475003dbe49e782,pay_SCK4I5SsVlmdIU,Guess the gibberish,ASHWAMEDHA,brah_68333,698414740039c926eb5d,,,
6984137400080a0c0f9c,pay_SCK0runK9BYzjV,Infinity castle,ASHWAMEDHA,brah_75607,6984137300034fcd807c,,,
6984136f00256002c0e2,pay_SCJzyiilMeOOBH,Maths Escape Carnival,ASHWAMEDHA,brah_64928,6984136e002061c81d61,,,
698411c1002740d2bbcf,pay_SCJtI3LWaE5PYK,Quad Bike Workshop,ASHWAMEDHA,ash_96179,698411c000232b5d4840,,,
698410700012aae79a74,pay_SCJnRVYJ4exknX,Infinity castle,ASHWAMEDHA,ash_16844,6984106f000c26f97223,,,
69840fd6003b9bde553c,pay_SCJkK3rEEFMK1Z,Maths Escape Carnival,ASHWAMEDHA,brah_98826,69840fd50036d4074e0d,,,
69840e79002950729ba9,pay_SCJeg7ed9g22L2,Maths Escape Carnival,ASHWAMEDHA,ash_42995,69840e780025ecdef772,,,
69840e78000e708c5246,pay_SCJeSB0j4y0n4u,Quad Bike Workshop,ASHWAMEDHA,ash_84804,69840e77000a8b9e5ae5,,,
69840e750016be029c01,pay_SCJeYmz6BVkTKS,Quad Bike Workshop,ASHWAMEDHA,ash_31166,69840e740013ff41625a,,,
69840e5c0014e1ed2c9e,pay_SCJe8A4V9hi7tk,Maths Escape Carnival,ASHWAMEDHA,ash_54806,69840e5b000fbeea0c33,,,
69840e5100328edcac33,pay_SCJdyAotJgAVGS,CODE RED CLUES (ESCAPE ROOM),ASHWAMEDHA,bra_26144,69840e50002566888004,,,
69840d5f00110c57ea30,pay_SCJZDaRKYjHKO8,Maths Escape Carnival,ASHWAMEDHA,brah_57777,69840d5e000be5d51513,,,
69840d3e001b893fa630,pay_SCJYtuhSpezJ6E,Guess the gibberish,ASHWAMEDHA,brah_52325,69840d3d0018aefa1ea4,,,
69840b59002462b3f54a,pay_SCJQZ1cser9tzO,Prompt And Roast ,ASHWAMEDHA,ash_50510,69840b58001d3ba387d6,,,
698409e4002bf1943951,pay_SCJJxP4eAzsoI5,Quad Bike Workshop,ASHWAMEDHA,ash_83892,698409e3002652e4e78f,,,
698401cb0033e58e6936,pay_SCIjN4Q8uSp27Q,Prompt And Roast ,ASHWAMEDHA,brah_64893,698401ca002f92737bca,,,
6983fead00131b15890d,pay_SCIVGKHF2AE3Wj,Infinity castle,ASHWAMEDHA,ash_29619,6983feac000e4dd14f61,,,
6983fa9d0005a0379061,pay_SCICzKVmJtslYS,CODE RED CLUES (ESCAPE ROOM),ASHWAMEDHA,brah_57777,6983fa9c000152118a0e,,,
6983f98c00137fa2fd79,pay_SCI61HmNYxrVYZ,Led Making,ASHWAMEDHA,ash_11005,6983f98b000b941c647a,,,
6983f7da002b232012bc,pay_SCI0TeSbW1a0eE,Infinity castle,ASHWAMEDHA,ash_99454,6983f7d90025c1da3228,,,
698398c7001bb40fec0b,pay_SCB5eudtN2vEzn,Capture The Flag,ASHWAMEDHA,ash_30290,698398c600188cd99d06,,,
6983984b003188e24378,pay_SCB4BMtvH5VQdx,MARKETRIX (Marketing Game),ASHWAMEDHA,ash_38331,6983984a00130f3b7f41,,,
6983978a000202d18afd,pay_SCB0mUCJq8aAvM,MARKETRIX (Marketing Game),ASHWAMEDHA,ash_76260,69839788003c9b911f76,,,
698396d0000b28b39048,pay_SCAxVZ5Q8Hdj5j,MARKETRIX (Marketing Game),ASHWAMEDHA,ash_33085,698396cf00078f4e818d,,,
6983963d000b20726797,pay_SCAuexVuWdhZIl,CODE RED CLUES (ESCAPE ROOM),ASHWAMEDHA,brah_29985,6983963b0029451e8767,,,
6983962300090ca62535,pay_SCAuSdER7nsvoJ,MARKETRIX (Marketing Game),ASHWAMEDHA,ash_73739,6983962200054b860d56,,,
6983957e000b905e045d,pay_SCArYDC9GoQMKC,MARKETRIX (Marketing Game),ASHWAMEDHA,ash_84888,6983957d000740dea928,,,
698394cc0023d726a4f3,pay_SCAoQfA7LLHaDe,MARKETRIX (Marketing Game),ASHWAMEDHA,ash_16969,698394cb001ea98384ee,,,
6983927d000ced66c5fc,pay_SCAe0gp7IBRIPo,MARKETRIX (Marketing Game),ASHWAMEDHA,ash_16043,6983927c00099ab93a52,,,
698391b1002b2566d4ca,pay_SCAaQpJtGMJEM4,MARKETRIX (Marketing Game),ASHWAMEDHA,ash_64284,698391b00026a2cbc3d3,,,
698390e100268041fef1,pay_SCAWkvcDlQPk1r,MARKETRIX (Marketing Game),ASHWAMEDHA,ash_80260,698390e000215c832cc9,,,
698390d8001cb842b22d,pay_SCAVXb5qTc7UXn,CODE RED CLUES (ESCAPE ROOM),ASHWAMEDHA,brah_54773,698390d70019106e6d36,,,
69838cc60014d893b436,pay_SCAEFwtAyjanl7,Capture The Flag,ASHWAMEDHA,ash_62753,69838cc5000f328582a1,,,
69838c0a000e38054e95,pay_SCA5TFfIeu0iUI,Management Maestros,ASHWAMEDHA,ash_97900,69838c09000bfda87eee,,,
698389bd000fe2834665,pay_SCA0MIHVK3JPNf,V-Raya,ASHWAMEDHA,ash_35087,698389bc000c9483a4f8,,,
6983899800247675c574,pay_SC9zdfVNVZ3Wt1,IOT Sparks,ASHWAMEDHA,brah_41154,6.98E+19,,,
6983887c0007d4aa2b64,pay_SC9suDIbhbdHap,Infinity castle,ASHWAMEDHA,ash_64892,6983887b00052badd692,,,
6983874800061ef98e0e,pay_SC9oKRyrFxL4SX,Infinity castle,ASHWAMEDHA,ash_99789,698387470004529274a1,,,
698386890013e303b6ef,pay_SC9lvnl1soWcka,CODE RED CLUES (ESCAPE ROOM),ASHWAMEDHA,ash_56028,698386880010d928a985,,,
698386310038805bc6eb,pay_SC9kPm4UZOcQoR,Infinity castle,ASHWAMEDHA,ash_23645,69838630003590aa414f,,,
698385f80009d6f63c6d,pay_SC9jQIFZiy7pVA,CODE RED CLUES (ESCAPE ROOM),ASHWAMEDHA,ash_64041,698385f700069a86da3d,,,
69838372000a1ead843d,pay_SC9XmbSQ5bSPHK,Led Making,ASHWAMEDHA,brah_34319,6983837100067fbe4a72,,,
698383280034ab0cd365,pay_SC9WuuQFuFbDHy,CODE RED CLUES (ESCAPE ROOM),ASHWAMEDHA,bra_52222,69838327003112f5582a,,,
6983827d002a1eeda7a2,pay_SC9Tj62XZ5d0oA,Quad Bike Workshop,ASHWAMEDHA,ash_87196,6983827c002667b3df0d,,,
6983811f001592152018,pay_SC9NaGbxyoyDnD,Led Making,ASHWAMEDHA,brah_68198,6983811e00121cd59a29,,,
69838119002ccc2d3cee,pay_SC9NTjXRuO8SDA,Infinity castle,ASHWAMEDHA,brah_18553,69838118002abb090d32,,,
69837fd7000d6116b61d,pay_SC9HpKCTnGVjm0,Quad Bike Workshop,ASHWAMEDHA,ash_19111,69837fd6000accf61959,,,
69837fb600198030c47d,pay_SC9HC7mRH7BvOv,Quad Bike Workshop,ASHWAMEDHA,brah_62759,69837fb500167fb4e70e,,,
69837edc000f39c6a43b,pay_SC9CnXEW6LPqHn,Quad Bike Workshop,ASHWAMEDHA,ash_30934,69837edb000cc3c089e7,,,
69837e6b002f50f34dcf,pay_SC9BEvEvKPPpz7,Quad Bike Workshop,ASHWAMEDHA,ash_86938,69837e6a002c427f8d5c,,,
69837e2c001548b69da6,pay_SC99vFUshj6gfo,Management Maestros,ASHWAMEDHA,brah_61899,69837e2b00110abe1b59,,,
69837d3a000bc20bd7bd,pay_SC961Gree30oY9,Infinity castle,ASHWAMEDHA,ash_10731,69837d390007b4c3f483,,,
69837c7200347d8c891c,pay_SC92gT9nt5pDmb,Intellisense,ASHWAMEDHA,brah_29632,69837c710032ac879eae,,,
69837c57001365299a28,pay_SC91w9nK6TlNH0,Infinity castle,ASHWAMEDHA,ash_50693,69837c56000eababac6b,,,
69837b1a003cb06d2cc0,pay_SC8wKMb30ttDnt,Management Maestros,ASHWAMEDHA,ash_18358,69837b190033a2977581,,,
69837afb001910daadba,pay_SC8vj5Jt6AlLaM,Led Making,ASHWAMEDHA,ash_37524,69837afa000850bfc22c,,,
69837aca003a71c60abf,pay_SC8uyVo3DFfLxm,Guess the gibberish,ASHWAMEDHA,brah_33315,69837ac90037132ee2ab,,,
69837a3900338d80adfd,pay_SC8sQouSoVhcOZ,Infinity castle,ASHWAMEDHA,ash_43171,69837a3800308628ca7a,,,
69837a140033ffb4b7e0,pay_SC8rpxoBOMHLgD,Infinity castle,ASHWAMEDHA,ash_39037,69837a13003257c2e94b,,,
69837945000c08b3a3e4,pay_SC8o9rlz6MeIfk,CODE RED CLUES (ESCAPE ROOM),ASHWAMEDHA,brah_63939,6983794400076195ba5d,,,
6983790c0012006d7e17,pay_SC8mov475ZqiMy,Maths Escape Carnival,ASHWAMEDHA,ash_56589,6983790b000d67d1464e,,,
698378ba0022882cfcb2,pay_SC8lO2cf4GJnO1,Maths Escape Carnival,ASHWAMEDHA,ash_55335,698378b9001e1dcb10b6,,,
698377f20014b868dbd1,pay_SC8i0c6DZ92koI,AutoCAD Workshop,ASHWAMEDHA,ash_22355,698377f10010a206edda,,,
698377c50021a50679d1,pay_SC8hHOsiLOXinf,CODE RED CLUES (ESCAPE ROOM),ASHWAMEDHA,ash_77922,698377c4001c6bca01b6,,,
69837748000f4875860a,pay_SC8fEOvrgsfgzj,Maths Escape Carnival,ASHWAMEDHA,ash_45770,69837747000ad637b901,,,
69837733001a1e874ee8,pay_SC8etmIBX1p3UK,IOT Sparks,ASHWAMEDHA,ash_82521,69837732001514f69275,,,
698376d500113bb31336,pay_SC8dM7H4HLtnGw,CODE RED CLUES (ESCAPE ROOM),ASHWAMEDHA,brah_86692,698376d4000a84e0add6,,,
6983765b0037a9e67242,pay_SC8bCmf3CXetQa,MARKETRIX (Marketing Game),ASHWAMEDHA,ash_88078,6983765a003115e117e0,,,
698375a70021eeef0527,pay_SC8XpDeBYvgtCn,Led Making,ASHWAMEDHA,brah_72143,698375a6001ede7c3d4a,,,
69837563001812e37229,pay_SC8WdNnO8A7n0e,Led Making,ASHWAMEDHA,ash_19098,6983756200135ac062a7,,,
6.98E+20,pay_SC8VsmLdDIxpfp,Quad Bike Workshop,ASHWAMEDHA,brah_95945,6983754400242959141c,,,6.98694E+19
698375410031be2cb367,pay_SC8W51Ukgakgkb,Quad Bike Workshop,ASHWAMEDHA,ash_62744,69837540002b1570578f,,,
69837515002c11a32133,pay_SC8VIbedFYzNIs,Sketch Up,ASHWAMEDHA,ash_42773,698375140026b7dc5d2e,,,
698374d50029567fde0f,pay_SC8TQhxEd1oZZH,Infinity castle,ASHWAMEDHA,brah_28115,698374d40023ea0b9505,,,
6983744d002b8a1aae50,pay_SC8OBUqxoWWUZf,Maths Escape Carnival,ASHWAMEDHA,ash_81204,6983744c002769dbb6a4,,,
6983743e002805c5122e,pay_SC8RYTxnGXsmI8,Eyes Off,ASHWAMEDHA,brah_96679,6983743d0023f4b98e5b,,,
6983742c002a67bb774a,pay_SC8RF6YE5pN9sU,Infinity castle,ASHWAMEDHA,brah_68333,6983742b00265fe19f9d,,,
6983725e003532fa3e29,pay_SC8J3N7lboXfJE,Structostick,ASHWAMEDHA,ash_41686,6983725d0031453139b2,,,
698371c7003060361302,pay_SC8GJQlZUGG6CK,Led Making,ASHWAMEDHA,ash_58760,698371c6002d1b259afa,,,
698370f8000a689976b2,pay_SC8CamGrGsSBjj,Led Making,ASHWAMEDHA,ash_28992,698370f70003219e8d48,,,
6983705e003a473903c9,pay_SC89FalkWlO178,Gokart workshop,ASHWAMEDHA,ash_40711,6983705d0035c5afe3be,,,
6983703c002b46fe8007,pay_SC89V66uz5Hlau,Gokart workshop,ASHWAMEDHA,ash_96249,6983703b0024673d2d50,,,
69836f9e0026a75427e7,pay_SC86fHEHUGWpac,Guess the gibberish,ASHWAMEDHA,brah_68005,69836f9d0018d04ec6ab,,,
69836eb1002c0b350248,pay_SC82Tc43iQxNeM,Led Making,ASHWAMEDHA,ash_51925,69836eb0002844e8e286,,,
69836e73000e6f2d65ad,pay_SC80fsc7tAMjm9,Led Making,ASHWAMEDHA,ash_89971,69836e710035321ed481,,,
69836de6001068bae661,pay_SC7yFFcna0UeQx,Guess the gibberish,ASHWAMEDHA,ash_25699,69836de4003c96cef8ec,,,
69836d9b001a3f7df2bd,pay_SC7uN6KZEHDS1U,Sketch Up,ASHWAMEDHA,ash_72839,69836d9a001744e44a54,,,
69836d3c0004c6d9aebd,pay_SC7vVi58bDIqE1,Eyes Off,ASHWAMEDHA,ash_25699,69836d3a003c0f5774d2,,,
69836d39000c39a089bf,pay_SC7w3eVtloHZiT,Quad Bike Workshop,ASHWAMEDHA,ash_62805,69836d380008c61cac91,,,
69836cb8003d2cfdd565,pay_SC7tfzxZnr25oo,AutoCAD Workshop,ASHWAMEDHA,ash_48505,69836cb700373cd72989,,,
69836c24002701f67106,pay_SC7q0O8qWbfRZT,Led Making,ASHWAMEDHA,ash_16276,69836c230023d18d6c0a,,,
69836c04000e554c4bb0,pay_SC7qMnOmFywkxY,Sketch Up,ASHWAMEDHA,ash_58243,69836c03000a590efaa4,,,
69836ae20020cf37ef09,pay_SC7lERti3P7T0T,Intellisense,ASHWAMEDHA,ash_23645,69836ae1001b88908bfa,,,
69836a86001a5a93643c,pay_SC7jtum2zoStz8,Intellisense,ASHWAMEDHA,ash_85933,69836a85001758ac2739,,,
69836a4e00174b732115,pay_SC7iuI2Cwba5Yp,Paradox arena,ASHWAMEDHA,ash_60132,69836a4d00109b37613a,,,
69836a08002dce6f049e,pay_SC7hURj0yj3ZqB,Intellisense,ASHWAMEDHA,ash_60652,69836a070028c9013cbc,,,
6983699900377071d7d7,pay_SC7fQdveBbGSOF,Structostick,ASHWAMEDHA,ash_94398,69836998002f69bd0abc,,,
69836925000926c4dc59,pay_SC7dL0VDyxq6iq,Capture The Flag,ASHWAMEDHA,brah_63317,698369240004b394183c,,,
698368b0001fcff6ed93,pay_SC7bV8Una9CbJj,Quad Bike Workshop,ASHWAMEDHA,ash_56436,698368af001aa2f13948,,,
698366ce0033d7bdd1b3,pay_SC7SsW398awkhF,Led Making,ASHWAMEDHA,ash_84299,698366cd002d002c409c,,,
6983658a003312a7aaca,pay_SC7NGHGO636Bal,Guess the gibberish,ASHWAMEDHA,ash_59391,698365890022baf18ba6,,,
6983656300235d78ee14,pay_SC7MXWCClffjYH,CODE RED CLUES (ESCAPE ROOM),ASHWAMEDHA,ash_15704,69836562001d8a7fd5d4,,,
6983654f0009e4b066e8,pay_SC7KZZPR1eFkhs,IOT Sparks,ASHWAMEDHA,ash_51471,6983654e0007496224d8,,,
6983638b002d961a447e,pay_SC7Dh2uDKdhHi4,Quad Bike Workshop,ASHWAMEDHA,ash_92899,6983638a002b1169754d,,,
698361cf0007b3c71952,pay_SC744OLFTTtn40,Quad Bike Workshop,ASHWAMEDHA,ash_83118,698361ce0004adacf3b8,,,
698360da003bcd956f4d,pay_SC720qZScIbYSH,Guess the gibberish,ASHWAMEDHA,ash_51267,698360d900394cb7235a,,,
698360b10031dac933ca,pay_SC71Qube2pRulO,Quad Bike Workshop,ASHWAMEDHA,ash_71880,698360b0002d4cb4f4d0,,,
698360870016c4d67aec,pay_SC70YCjTNrwrP1,Quad Bike Workshop,ASHWAMEDHA,ash_97122,6983608600143c9a1f80,,,
69835f9a000429f354f9,pay_SC6wPXEYKeOssx,Quad Bike Workshop,ASHWAMEDHA,ash_27464,69835f98003d4a39fa8a,,,
69835f7e0030e5a534bc,pay_SC6vorVtr9NPBX,Quad Bike Workshop,ASHWAMEDHA,brah_98283,69835f7d001b43a8b975,,,
69835f49002c37288142,pay_SC6uq0Uzyg6hMu,Quad Bike Workshop,ASHWAMEDHA,ash_28953,69835f48001fcb5bf722,,,
69835f3e000901dbb8f7,pay_SC6uqcvI8IADIj,Quad Bike Workshop,ASHWAMEDHA,ash_46717,69835f3d000651aa6a0c,,,
69835f26003a0630300d,pay_SC6uPaZL7Gyafw,Quad Bike Workshop,ASHWAMEDHA,brah_36965,69835f25002a2307e990,,,
69835ee800118983c354,pay_SC6tXFG4MYwwJ2,AutoCAD Workshop,ASHWAMEDHA,ash_96649,69835ee70009885f0ae9,,,
69835eb80013e35a33f3,pay_SC6sHnywO0ozMA,AutoCAD Workshop,ASHWAMEDHA,ash_49358,69835eb70010bc5667cc,,,
69835dfa0021d1e300b5,pay_SC6p2hzXNL94jB,Structostick,ASHWAMEDHA,ash_40072,69835df9001af851b9ec,,,
69835dea001f0eac5b82,pay_SC6o66Jpq2sWhD,Quad Bike Workshop,ASHWAMEDHA,brah_62297,69835de9001cb95f299e,,,
69835de60002d2ab3ecd,pay_SC6okEFx7olQGO,Quad Bike Workshop,ASHWAMEDHA,brah_91798,69835de4002fa8be94e1,,,
69835d5d002e78a8dc57,pay_SC6lEEYxMsOMKS,RoboPixel,ASHWAMEDHA,ash_84117,69835d5c002b2dd0009c,,,
69835d3a001ee82af67d,pay_SC6ljZlXHSFpOl,Quad Bike Workshop,ASHWAMEDHA,ash_52454,69835d39001c6dc264bc,,,
69835cea0016c7ee1f29,pay_SC6jzAqXOagWnN,Structostick,ASHWAMEDHA,ash_25679,69835ce900143d87db97,,,
69835c99003c55e00112,pay_SC6iJdwwsVukkW,Quad Bike Workshop,ASHWAMEDHA,brah_81929,69835c9800389dd6948b,,,
69835c1300003dd27153,pay_SC6gCMTdaHFYMm,Prompt And Roast ,ASHWAMEDHA,brah_13823,69835c11003aa48f8d30,,,
69835a51001ab4458bcf,pay_SC6YcFMkFR3D6D,Structostick,ASHWAMEDHA,ash_88485,69835a500017f7ec7527,,,
69835a4c000ec701ba7b,pay_SC6YRxwQMCpRY9,AutoCAD Workshop,ASHWAMEDHA,brah_61803,69835a4b0005259a9b43,,,
69835a1f0020d939512e,pay_SC6XqM1xKcjQxT,AutoCAD Workshop,ASHWAMEDHA,ash_75560,69835a1e00118866a130,,,
698359980011fafb5ad7,pay_SC6VFXyIipzmIq,AutoCAD Workshop,ASHWAMEDHA,brah_30778,69835997000f92650ab1,,,
6983586c001a061fcca7,pay_SC6Pz3zjiP4vKk,Infinity castle,ASHWAMEDHA,ash_31002,6983586b00165c1f0c89,,,
698358510026a5ff3dbb,pay_SC6MbuTJspZXGo,Infinity castle,ASHWAMEDHA,ash_27422,6983585000124dfbb59b,,,
698357e90023f645957a,pay_SC6NrAOuDTimBU,IOT Sparks,ASHWAMEDHA,brah_11021,698357e8002042e5807b,,,
698356b50028232ed1fd,pay_SC6IJWfQ4WGXuK,Maths Escape Carnival,ASHWAMEDHA,ash_94360,698356b4001f120a19c7,,,
698355b400335b3c194d,pay_SC6DrhqSvnSQYf,Led Making,ASHWAMEDHA,brah_14731,698355b3001c348f18d4,,,
6.98E+99,pay_SC649O4T74nskG,Led Making,ASHWAMEDHA,brah_37095,698353940012d3b99908,,,
6983519c00312bff18b3,pay_SC5vFpezEuh9Ue,AutoCAD Workshop,ASHWAMEDHA,ash_53235,6983519b002effc1ab03,,,
698350b1002bc52eb536,pay_SC5rAk6PRpAx4Y,N8N Workshop,ASHWAMEDHA,ash_85401,698350b000286731d51b,,,
698350ac00199f821526,pay_SC5r9y1j2wYKjl,Prompt And Roast ,ASHWAMEDHA,ash_39797,698350ab0016ad08774c,,,
6983502e0030c26b2251,pay_SC5ou5XWc9YSiv,Guess the gibberish,ASHWAMEDHA,ash_88922,6983502d002e71a06a60,,,
69834fef002f6a407471,pay_SC5mJRk5VWP7gs,Quad Bike Workshop,ASHWAMEDHA,ash_46407,69834fee002cff9b3b64,,,
69834da0002edd6e7b2c,pay_SC5dV0gt9SWudt,Line Follower Competition,ASHWAMEDHA,brah_81660,69834d9e0031c533aa88,,,
69834d8300209133aa64,pay_SC5d8jRfFeGnvX,Led Making,ASHWAMEDHA,ash_29015,69834d820017ecced882,,,
69834d54002d92a984de,pay_SC5c1js3ONol3a,CODE RED CLUES (ESCAPE ROOM),ASHWAMEDHA,ash_94360,69834d530027c00eeb7f,,,
69834d2100048268b7f2,pay_SC5aJDeJfm6VSx,Led Making,ASHWAMEDHA,ash_48368,69834d1f003e10c9655a,,,
69834d1200195b0c03cb,pay_SC5auYCS1aYC9x,Maths Escape Carnival,ASHWAMEDHA,ash_64994,69834d110013c8e400d0,,,
69834c2f0027bf818127,pay_SC5Wws06CnSLOg,Sketch Up,ASHWAMEDHA,ash_78366,69834c2e0024f81ccf44,,,
698349030004e0036bb1,pay_SC5IfTbAejoAXV,Structostick,ASHWAMEDHA,ash_35501,6983490100399e241b85,,,
6983470c002fc106e45c,pay_SC58sSc4xgP5a7,Quad Bike Workshop,ASHWAMEDHA,ash_73444,6983470b0016b3897fcb,,,
6983453b001e0d2eb9f9,pay_SC50ob7LF6oSBb,Led Making,ASHWAMEDHA,ash_96141,6983453a00193edf0ad0,,,
698342fb0010ae8b39ee,pay_SC4rRQ82rbOqDm,Infinity castle,ASHWAMEDHA,ash_31915,698342fa000d482484aa,,,
698340200017e9bda607,pay_SC4ecaTS0SUuRP,Gokart workshop,ASHWAMEDHA,brah_66284,6983401f0014b694ff97,,,
69833d34000a37a9b060,pay_SC4RKQAVs3rGxp,Carnival nexus (feb 5),ASHWAMEDHA,ash_12816,69833d3300081e242e75,,,
69833b1d003db399b498,pay_SC4I74mZLp7YL2,Quad Bike Workshop,ASHWAMEDHA,ash_53663,69833b1c003a46723fa9,,,
698333eb002a14689517,pay_SC3lIzP3hEgY4n,Sketch Up,ASHWAMEDHA,ash_86283,698333ea0024fce9c661,,,
698333710004e39908a6,pay_SC3jR8gWMiDxtY,Guess the gibberish,ASHWAMEDHA,brah_29507,69833370000294ade665,,,
6983332a00020408527a,pay_SC3hrtWMSHZMpI,Maths Escape Carnival,ASHWAMEDHA,brah_46049,6983332800373b8f733f,,,
6983332300135c4fafbb,pay_SC3i0PnK5Ehi5u,Maths Escape Carnival,ASHWAMEDHA,ash_74462,69833321003da60cb0e7,,,
69833297001d22ee87f8,pay_SC3fR1KUFuvirf,CODE RED CLUES (ESCAPE ROOM),ASHWAMEDHA,ash_20792,6983329600190571b887,,,
6983311b002ea2ea3178,pay_SC3YlO7f78V38V,Quad Bike Workshop,ASHWAMEDHA,ash_92248,6983311a0027e060cc24,,,
69832f62000c97a58d30,pay_SC3Qz05FH5rH6a,Sketch Up,ASHWAMEDHA,ash_81976,69832f6100066df371ff,,,
69832b590014ad4f0b6a,pay_SC38wFbyBDPR5V,AutoCAD Workshop,ASHWAMEDHA,ash_51207,69832b580012bec52807,,,
6983295c001632fcddf8,pay_SC302XLkwbrv6E,Maths Escape Carnival,ASHWAMEDHA,brah_68198,6983295a0033f80d89f7,,,
6983293b002c65691d06,pay_SC2zQvmID0rGgK,NeuroClash,ASHWAMEDHA,ash_25062,6983293a000d4cbd4947,,,
698327b10008540f50ad,pay_SC2rrpjMcHI7o0,Guess the gibberish,ASHWAMEDHA,ash_69584,698327b00005924eb086,,,
698325370009bda9aab4,pay_SC2hMxPzQiFqFo,IOT Sparks,ASHWAMEDHA,brah_74322,6983253600079972f0b1,,,
69832506002a5d6a8084,pay_SC2gVgTr6rOZql,RoboPixel,ASHWAMEDHA,ash_47038,69832505002836b80a08,,,
69831e1e0002013a31fc,pay_SC2BLM817iX9EO,Infinity castle,ASHWAMEDHA,ash_40512,69831e1c003c9c5e6fee,,,
69831dab00372222394f,pay_SC29KCLLevaQvL,CODE RED CLUES (ESCAPE ROOM),ASHWAMEDHA,brah_36671,69831daa0030cd0c80ae,,,
69831bbf00106b4242f4,pay_SC20YQPYb5dL1a,NeuroClash,ASHWAMEDHA,ash_91825,69831bbe000c1c6acb6b,,,
69831b1c003909533763,pay_SC1xrkrEWgsjuz,Sketch Up,ASHWAMEDHA,ash_78867,69831b1b00347605ded4,,,
69831aa9003991ec23de,pay_SC1vo3iJ4fHuey,Line Follower Competition,ASHWAMEDHA,brah_54805,69831aa80033a940c6be,,,
69831a9b001f007459ad,pay_SC1uDGi3fGZ9WG,SAMAGRA 3.O,ASHWAMEDHA,ash_90862,69831a9a001c190a3e95,,,
698318ca0000fc8157f6,pay_SC1nVfS5CZlf7j,MARKETRIX (Marketing Game),ASHWAMEDHA,ash_55520,698318c8003d29014191,,,
698317b5002d048f4cd2,pay_SC1idqS7XhCwHn,MARKETRIX (Marketing Game),ASHWAMEDHA,ash_89081,698317b40027b6ab8da1,,,
698315a9002deb2e2991,pay_SC1ZB6FmRgqrSO,Guess the gibberish,ASHWAMEDHA,brah_13535,698315a8002a51b79a80,,,
69831578003915551cce,pay_SC1YMc28YQ62s8,Gokart workshop,ASHWAMEDHA,ash_11718,698315770034014dfd36,,,
6983149600275120e67f,pay_SC1UGZw0fLgdkB,Structostick,ASHWAMEDHA,ash_32753,698314950024d368cea8,,,
698313e00013d817b5cc,pay_SC1RN2ZtqPcan4,MARKETRIX (Marketing Game),ASHWAMEDHA,ash_69140,698313df000f16065fe4,,,
698313490012ff461762,pay_SC1OYOyXrLOCeL,Maths Escape Carnival,ASHWAMEDHA,ash_41217,698313480010f26049d9,,,
698312fc003a3d05e58e,pay_SC1MRsx29pV2uD,Maths Escape Carnival,ASHWAMEDHA,brah_62441,698312fb001a4f2f2a6d,,,
698312e2003e32b12e3f,pay_SC1MspToUOJVKf,MARKETRIX (Marketing Game),ASHWAMEDHA,ash_23754,698312e000319dcf2a80,,,
698312ce00176a1a19d0,pay_SC1ME5tSZySeTz,Sketch Up,ASHWAMEDHA,ash_31195,698312cd001356d3b92d,,,
698311ff003d72a5ca77,pay_SC1ImEmLthXyr1,Led Making,ASHWAMEDHA,ash_52118,698311fe003a836ae4e5,,,
69830da0001b1d96175d,pay_SC0zCNftOg7VL4,MARKETRIX (Marketing Game),ASHWAMEDHA,ash_99342,69830d9f001500262ac9,,,
69830a73002a1d90c9ca,pay_SC0jsrAJZ5BYdC,IOT Sparks,ASHWAMEDHA,ash_25441,69830a7200265a43bec3,,,
69830925000f994eeb80,pay_SC0emqKe0hdiTu,CODE RED CLUES (ESCAPE ROOM),ASHWAMEDHA,brah_97329,69830924000b6fe431e1,,,
6983072d000e941b0e28,pay_SC0V0L2CfXxRLD,Capture The Flag,ASHWAMEDHA,ash_20724,6983072c000b2e799ec2,,,
698303410025433eeacd,pay_SC0EJL5hpM0hwS,SAMAGRA 3.O,ASHWAMEDHA,ash_14497,69830340001fac3dbb7c,,,
698301c000375569e805,pay_SC07FT8IZYqGIz,Guess the gibberish,ASHWAMEDHA,ash_58587,698301bf0035a7286aa6,,,
6982fe1d0008e9957f88,pay_SBzr55hatonGKN,CODE RED CLUES (ESCAPE ROOM),ASHWAMEDHA,ash_61986,6982fe1c0003e0ba6047,,,
6982fcb10019f6417696,pay_SBzkbatl16R1Gw,Led Making,ASHWAMEDHA,ash_47753,6982fcb000167a9e1052,,,
6982fc790024245da146,pay_SBzjk0Sm4MHp7Q,Led Making,ASHWAMEDHA,ash_94956,6982fc78001fbb040281,,,
6982fc320021d550d984,pay_SBziSSboLiYZMs,Led Making,ASHWAMEDHA,ash_12638,6982fc31001dc712aebc,,,
6982fc1c00083ded03f2,pay_SBzhop1stqz5CG,Led Making,ASHWAMEDHA,ash_70634,6982fc1b00037bd55283,,,
6982fb7b0036585050a9,pay_SBzeAzSpVzsR7p,Led Making,ASHWAMEDHA,ash_61986,6982fb7a0033052ded34,,,
6982f97700034684fbd5,pay_SBzVwynLbUbAeD,Gokart workshop,ASHWAMEDHA,ash_97990,6982f9760000f46fc008,,,
6982f917000c796c54f8,pay_SBzUOOvoZwqMyx,Gokart workshop,ASHWAMEDHA,ash_82459,6982f916000a753e9b64,,,
6982f773003117622f85,pay_SBzMzXmfYJgBxk,IOT Sparks,ASHWAMEDHA,ash_45770,6982f772002e8b3a0c17,,,
6982f5e6003d3b60e6d3,pay_SBzG4XvlxyQfva,Infinity castle,ASHWAMEDHA,ash_56848,6982f5e5003b0e4d7f86,,,
6982f55b00324d68b905,pay_SBzDLgX3zbiIJA,RoboPixel,ASHWAMEDHA,ash_23614,6982f55a000e203a0356,,,
6982f49d0014157b288c,pay_SBzA4pF8YqGiAT,RoboPixel,ASHWAMEDHA,ash_58538,6982f49c0011f6a0d05c,,,
6982f427000b58e9c76c,pay_SBz8AWloq8JU7P,RoboPixel,ASHWAMEDHA,brah_87486,6982f426000876b6b0a2,,,
6982f37d0022283a468a,pay_SBz51rUmF3Kj8l,IOT Sparks,ASHWAMEDHA,ash_87933,6982f37c001fc5d85c9e,,,
6982f180002acd843b34,pay_SBywEgwiViFtGq,IOT Sparks,ASHWAMEDHA,ash_45932,6982f17f0028264e0137,,,
6982e6d40035a664cc9f,pay_SBy8JAGA9lG03H,Gokart workshop,ASHWAMEDHA,ash_22272,6982e6d30033309ba356,,,
6982e6d400062fc576db,pay_SBy9H8izmT6iw2,Gokart workshop,ASHWAMEDHA,ash_71358,6982e6d30003b16a1cd3,,,
6982df2a001cf82d7042,pay_SBxbfnrh4GsMFb,AutoCAD Workshop,ASHWAMEDHA,ash_22826,6982df29001a22a835cb,,,
6982dcc000053d3ec878,pay_SBxQc8POTfXnVH,Quad Bike Workshop,ASHWAMEDHA,ash_72411,6982dcbe0025e64a595f,,,
6982dc910020d212ad8c,pay_SBxPNldUzDPIkv,Quad Bike Workshop,ASHWAMEDHA,ash_22826,6982dc90001d461a9e61,,,
6982dc88002047437b7d,pay_SBxPo4MCiDFQ3J,Quad Bike Workshop,ASHWAMEDHA,ash_33211,6982dc87001e718d48c0,,,
6982db9000038eb8c086,pay_SBxLOM5AzKiBiu,Quad Bike Workshop,ASHWAMEDHA,ash_35044,6982db8e003cf70fb043,,,
6982db8700326d01a67a,pay_SBxLAij5Cobwdj,Quad Bike Workshop,ASHWAMEDHA,ash_57868,6982db86002f9c6455b9,,,
6982dac100076ff79cbe,pay_SBxHMsqGAF0hPi,Quad Bike Workshop,ASHWAMEDHA,ash_13086,6982dac000057c36f1b6,,,
6982da5f00225e157cf2,pay_SBxFK71DvRak3A,Quad Bike Workshop,ASHWAMEDHA,ash_89678,6982da5e001f0d09f49a,,,
6982d94c000bf33a059d,pay_SBxB5r7slKz064,Quad Bike Workshop,ASHWAMEDHA,ash_56459,6982d94b0002cb910c87,,,
6982d7a9000b9e712b6b,pay_SBx3nUXrAxaY8K,IOT Sparks,ASHWAMEDHA,ash_61501,6982d7a80005b2b65d22,,,
6982d6f1002375f5b0a3,pay_SBx0ZT4BBtn5el,Prompt And Roast ,ASHWAMEDHA,ash_99542,6982d6f0001eeb509676,,,
6982c6310015e9075285,pay_SBvmwjLU2l1Jwv,Sketch Up,ASHWAMEDHA,ash_79070,6982c630001326e09d7a,,,
6982bafa00317b54a328,pay_SBuyb8h0QtMed2,Guess the gibberish,ASHWAMEDHA,brah_96679,6982baf90024850e9b4d,,,
6982b9030031155d9b3a,pay_SBupbQjzlJxnm9,Eyes Off,ASHWAMEDHA,brah_52325,6982b90200293d2063b9,,,
6982a06600258768a005,pay_SBt1j7P9MgXfg5,IOT Sparks,ASHWAMEDHA,brah_93304,6982a065000979c80254,,,
698229f2001c1a01fc7a,pay_SBkQlKMEP8aFUf,Eyes Off,ASHWAMEDHA,brah_13535,698229f1001794571bfc,,,
698229aa001910d6e621,pay_SBkPeshwiB7VGn,Gokart workshop,ASHWAMEDHA,brah_74885,698229a90014a47ed3e9,,,
698228d1002473a9c68d,pay_SBkLcmIXm8mDPI,AutoCAD Workshop,ASHWAMEDHA,ash_34221,698228d00021f9afdbd0,,,
698227af00268e8af375,pay_SBkGchLTPJyyPB,Eyes Off,ASHWAMEDHA,ash_58587,698227ae00216d846e38,,,
698226c80012dc2ee8b4,pay_SBkCawbpNUDQPQ,Led Making,ASHWAMEDHA,ash_57617,698226c7001034e71014,,,
6982244b00295d80b5f6,pay_SBk1FV6pvfTENO,CODE RED CLUES (ESCAPE ROOM),ASHWAMEDHA,ash_80341,6982244a00248e40f673,,,
6982238d0022e98b67d6,pay_SBjy5IDAtF9NgN,SAMAGRA 3.O,ASHWAMEDHA,brah_32526,6982238c0020cca60258,,,
698220fe00209e6ea3ac,pay_SBjmgpXFvHFfdc,Infinity castle,ASHWAMEDHA,brah_19612,698220fd001e38d682e2,,,
698220520004eb944998,pay_SBjjPE108t6tRw,Turing Trails,ASHWAMEDHA,ash_61106,698220510000b6fe2ad9,,,
69821f2100214d5510aa,pay_SBje5YryqjG9wT,Infinity castle,ASHWAMEDHA,ash_15027,69821f20001d74218f02,,,
69821ef200186d3c98ec,pay_SBjd9SYsMZvJI3,Intellisense,ASHWAMEDHA,brah_76270,69821ef10014cdf3f207,,,
69821e1e003d5b1b2687,pay_SBjZYEggU2iu80,Sketch Up,ASHWAMEDHA,ash_19938,69821e1d0038b73b9e32,,,
69821d7d0038cdbbd45c,pay_SBjWjRivRnyGIv,AutoCAD Workshop,ASHWAMEDHA,brah_25349,69821d7c00347d00c6d4,,,
69821cfa0006e4c7bbcd,pay_SBjUON3azGq9da,SAMAGRA 3.O,ASHWAMEDHA,ash_99542,69821cf8003da07a1681,,,
69821ced0037d1ebd931,pay_SBjTjnQSZBWvu1,Infinity castle,ASHWAMEDHA,brah_57957,69821cec00327518c805,,,
69821ca7003c71e12523,pay_SBjSxTKAqe5sIg,Infinity castle,ASHWAMEDHA,brah_60343,69821ca60037c69cc734,,,
69821c6d0002d929f632,pay_SBjRpoDFQTc1TP,Led Making,ASHWAMEDHA,ash_15704,69821c6b003d6ccc08fd,,,
698213460034a4e28388,pay_SBimYVeS9ER06u,IOT Sparks,ASHWAMEDHA,ash_11414,698213450031588e3e83,,,
69820ee0000056ea0527,pay_SBiSvXr6qxR593,Infinity castle,ASHWAMEDHA,brah_46941,69820ede0039b23da25f,,,
69820e970031e6795816,pay_SBiRXnNyvTz6cN,Infinity castle,ASHWAMEDHA,brah_36499,69820e96002d0cf0969f,,,
698206ce00098c4dfe6e,pay_SBhsUzgwmYNrkz,Eyes Off,ASHWAMEDHA,brah_71274,698206cd0004f196161e,,,
69820352000dbba3f053,pay_SBhcvdVL2DB6Ov,AutoCAD Workshop,ASHWAMEDHA,ash_81959,69820351000a726199f0,,,
6981f82a0004477023b7,pay_SBgoU258QvqgNb,CODE RED CLUES (ESCAPE ROOM),ASHWAMEDHA,brah_67939,6981f8290002c96a399a,,,
6981f8240019555b688c,pay_SBgoR0YJ0ofhWb,Infinity castle,ASHWAMEDHA,brah_68225,6981f82300113adb4894,,,
6981f7d10020b6d98890,pay_SBgmyzMAZESOB5,Intellisense,ASHWAMEDHA,brah_40815,6981f7d000162e4356fc,,,
6981f2f2003e281c42d7,pay_SBgR0nAtKHI0W9,AutoCAD Workshop,ASHWAMEDHA,brah_50679,6981f2f1003978182b6b,,,
6981efc500361c32c9ee,pay_SBgCqy40D1OAyj,RC Lapz,ASHWAMEDHA,ash_46691,6981efc400329231eb8f,,,
6981ec8d003362b0a164,pay_SBfy31RiCgC6sZ,Infinity castle,ASHWAMEDHA,ash_90385,6981ec8c002f97ba8a60,,,
6981e59d001454f243cb,pay_SBfSskgA7i5Tou,Eyes Off,ASHWAMEDHA,brah_68005,6981e59c0010436a1005,,,
6981e4e40013d59be0a5,pay_SBfPVEd1WscRaT,Infinity castle,ASHWAMEDHA,brah_26801,6981e4e20036853c94b8,,,
6981e261003d665b11fe,pay_SBfEPcUGispPuA,SAMAGRA 3.O,ASHWAMEDHA,ash_61726,6981e2600030157a7f53,,,
6981e012001e199226e3,pay_SBf3g6MaSCFScJ,N8N Workshop,ASHWAMEDHA,ash_57336,6981e0110018908ba2eb,,,
6981d57e002490f84636,pay_SBeGkYolLATphi,N8N Workshop,ASHWAMEDHA,ash_76273,6981d57d00225dffb170,,,
6981d305001d667899e5,pay_SBe6zd4LMemUlL,N8N Workshop,ASHWAMEDHA,ash_37804,6981d304001a5e520f2b,,,
6981d18b00278be52edd,pay_SBdykBiSpTI7EC,N8N Workshop,ASHWAMEDHA,ash_39797,6981d18a002247d9027e,,,
6981cd8b00396bd8ccc2,pay_SBdiautNX8EIiJ,Asthra,ASHWAMEDHA,ash_33690,6981cd8a00359fa852de,,,
6981ca5000076abdd0e7,pay_SBdToYNHazFz5p,N8N Workshop,ASHWAMEDHA,ash_64525,6981ca4f0004235801dd,,,
6981c53000028434a447,pay_SBd6iIVc7TBNZ4,Capture The Flag,ASHWAMEDHA,ash_97047,6981c52e003db4929f2d,,,
6981b79300188afc5b48,pay_SBc7KpdRGx1Km2,SAMAGRA 3.O,ASHWAMEDHA,ash_65672,6981b7920013596f29fa,,,
6981b34c003d562805f0,pay_SBbo1FSLaz31IR,Asthra,ASHWAMEDHA,ash_67734,6981b34b0039de2bc1f2,,,
6981afbb001c5e9476ea,pay_SBbY5YFjgr2AoY,CODE RED CLUES (ESCAPE ROOM),ASHWAMEDHA,ash_46548,6981afba0018986cfef8,,,
6981aef300300e6dae56,pay_SBbUVWOMgRTY7I,Asthra,ASHWAMEDHA,ash_28120,6981aef2002c38522ac2,,,
6981a999003e2a8221a6,pay_SBb6N3NouXqIWs,Asthra,ASHWAMEDHA,ash_52307,6981a998003b1aa2bfe3,,,
6981a906001d6e2a1a60,pay_SBb3LRne1LyH9n,N8N Workshop,ASHWAMEDHA,ash_37346,6981a905001b0a084d48,,,
6981a745002d367e4f4d,pay_SBavdi49PB8HFS,N8N Workshop,ASHWAMEDHA,ash_82424,6981a744002b29327143,,,
6981a71b0017819aeb9d,pay_SBaundVMxDPy2t,N8N Workshop,ASHWAMEDHA,ash_22377,6981a7190035d3cf5131,,,
6981a1110034ce60497a,pay_SBaTuLZZYmNLZw,N8N Workshop,ASHWAMEDHA,brah_13301,6981a1100032ac830b7a,,,
69819ebc001c81895447,pay_SBaJRPM22q8Bh7,IOT Sparks,ASHWAMEDHA,ash_28945,69819ebb001572b135a4,,,
698193500039780ad85d,pay_SBZTwAAiv9HDfS,N8N Workshop,ASHWAMEDHA,ash_89040,6981934f0036c0665f0e,,,
69818fc800340fb8cb26,pay_SBZDwpegAv9pDa,Circuit Bombing,ASHWAMEDHA,ash_80596,69818fc7002fda8b4905,,,
69816df500194d7741dd,pay_SBWldaMvE1oxTM,Management Maestros,ASHWAMEDHA,ash_61776,69816df400163112c909,,,
69816c54003868def84d,pay_SBWeCdg28MRLYl,IOT Sparks,ASHWAMEDHA,brah_74661,69816c530033ce840c3c,,,
69816b810031fbb8891d,pay_SBWaIaxtwYtrfd,Gokart workshop,ASHWAMEDHA,ash_87853,69816b80002f137dec69,,,
69816b0f0011d007dec7,pay_SBWYLNeKDywxA8,Gokart workshop,ASHWAMEDHA,brah_85319,69816b0e000d80e538c6,,,
69816b0d001ad26ebab7,pay_SBWYLosRbTbeLb,Gokart workshop,ASHWAMEDHA,ash_85870,69816b0c00155d2ca00d,,,
69815d26000de57609af,pay_SBVXmxaNp5R3cF,N8N Workshop,ASHWAMEDHA,ash_96435,69815d2500086910087d,,,
69815cd600084d85b861,pay_SBVWIV4wVMHXIz,N8N Workshop,ASHWAMEDHA,brah_60617,69815cd500023a6416c8,,,
6980ec71001c81cdc421,pay_SBNLguBP72ynCu,Led Making,ASHWAMEDHA,ash_96608,6980ec7000199c9db38d,,,
6980ec30001255f71350,pay_SBNKbHULPDIM6v,AutoCAD Workshop,ASHWAMEDHA,ash_75191,6980ec2f000f7370ba70,,,
6980e8cd003336a39d10,pay_SBN5RwZkKADPDB,Circuit Bombing,ASHWAMEDHA,ash_88726,6980e8cc002f9d4f67b5,,,
6980e10c000ed4842449,pay_SBMWOar9hOwVH6,SAMAGRA 3.O,ASHWAMEDHA,bra_12381,6980e10b000c0eadc09f,,,
6980dfad002ab531bf62,pay_SBMQ5D460MmpZO,AutoCAD Workshop,ASHWAMEDHA,ash_96372,6980dfac0027a93a9d8a,,,
6980de0400280df7dee2,pay_SBMIYB41QHm5FN,Intellisense,ASHWAMEDHA,ash_96372,6980de030025d1d35420,,,
6980c70d0032dc7d6281,pay_SBKdX9P2R314mQ,CODE RED CLUES (ESCAPE ROOM),ASHWAMEDHA,ash_62191,6980c70c002f3348cc5b,,,
6980c699002f5b8126bf,pay_SBKbUK6ESTQFaL,CODE RED CLUES (ESCAPE ROOM),ASHWAMEDHA,ash_80531,6980c698002bd1bb48f2,,,
6980c2ee003cba2cb0a6,pay_SBKKgUYKM4szOF,N8N Workshop,ASHWAMEDHA,ash_58496,6980c2ed003a0e3be196,,,
6980bf52002b0d4b8b4a,pay_SBK4TUoqiSg9ZM,Quad Bike Workshop,ASHWAMEDHA,ash_20672,6980bf51002647011160,,,
6980be55001e0f85abbd,pay_SBK03h1lKiQvwp,Carnival nexus (feb 5),ASHWAMEDHA,ash_51751,6980be54001a60923b12,,,
6980bc260011c9e312df,pay_SBJmNNuPHOC4eu,Circuit Bombing,ASHWAMEDHA,ash_62973,6980bc24003b036e1102,,,
6980ba88003c3317124e,pay_SBJixbp0bxci7s,V-Raya,ASHWAMEDHA,ash_51751,6980ba87003753a7ba34,,,
69809161000246faed24,pay_SBGjMwVjLRbp1o,IOT Sparks,ASHWAMEDHA,ash_15496,6980915f003e21acf160,,,
69808f430038924144a0,pay_SBGYJ3FLSrkCBS,IOT Sparks,ASHWAMEDHA,brah_68005,69808f4200357bce2512,,,
69808e540021ce0adb42,pay_SBGVSkxbBjhCBo,IOT Sparks,ASHWAMEDHA,brah_13535,69808e53001fd4a3827f,,,
69808e02003341b87c7c,pay_SBGTzkuWALxfCh,IOT Sparks,ASHWAMEDHA,ash_72979,69808e01002fab177e0c,,,
69808df500125f51d139,pay_SBGU0EVuvTEg6E,IOT Sparks,ASHWAMEDHA,ash_87172,69808df4000eb1a323c4,,,
69808a2300134515cd2b,pay_SBGB6Thc7uMQvO,IOT Sparks,ASHWAMEDHA,ash_25699,69808a220010966d924c,,,
69807de8000a1f0afa77,pay_SBFJ84J1tYc6qG,Led Making,ASHWAMEDHA,ash_28008,69807de70006c75b8b3a,,,
698079d9002a7a82fbf7,pay_SBF1Mssg0GMg2m,Gokart workshop,ASHWAMEDHA,brah_68970,698079d80027e5a68b52,,,
69807526000c177b6703,pay_SBEg7om0fUz9OY,IOT Sparks,ASHWAMEDHA,ash_62654,6980752500084e35adb8,,,
69806d2400086d18ac03,pay_SBE5Dw65fS24QI,Intellisense,ASHWAMEDHA,ash_33248,69806d230005e6611e9f,,,
69805e62001b36cadc97,pay_SBCwDeUsL3MoUu,IOT Sparks,ASHWAMEDHA,ash_30134,69805e61001939514272,,,
69805d400033f745034e,pay_SBCwBIDqsB3hpk,IOT Sparks,ASHWAMEDHA,ash_29281,69805d3f0031b43d8020,,,
698059e30005e69c3762,pay_SBChEaxWwj0Dbx,IOT Sparks,ASHWAMEDHA,ash_46047,698059e200037539fe60,,,
698059c1002e2a431160,pay_SBCgECZcm75Tg2,IOT Sparks,ASHWAMEDHA,ash_49121,698059ae0011adb587fc,,,
698059510011a59f75c0,pay_SBCeHbIxhD9wGT,IOT Sparks,ASHWAMEDHA,ash_17981,69805950000f32f969e9,,,
698053450001323fc214,pay_SBCDFfAzVBKMwu,AutoCAD Workshop,ASHWAMEDHA,ash_58538,69805343003d27ad91f6,,,
698042fa003602dafda9,pay_SBB1w6JyeA9e53,SAMAGRA 3.O,ASHWAMEDHA,ash_20716,698042f900320687ba43,,,
69801d27000c92e289c2,pay_SB8G1AJdvnyloM,MARKETRIX (Marketing Game),ASHWAMEDHA,ash_86448,69801d25003ca93be931,,,
697fec500025b1fd5ee2,pay_SB4jHWx5a3KA88,Intellisense,ASHWAMEDHA,ash_74462,697fec4f002254db48d2,,,
697f9727001d2e1cb982,pay_SAyXgSvzvQwtrm,SAMAGRA 3.O,ASHWAMEDHA,ash_32052,697f9726001824029ffe,,,
697f8c3b00150dfd22e9,pay_SAxkRP2SgH4Kr6,IOT Sparks,ASHWAMEDHA,ash_89700,697f8c3a0011cb89a850,,,
697f89240015e8e95ee5,pay_SAxWXWad9yjhob,Intellisense,ASHWAMEDHA,brah_17999,697f892300139c28f471,,,
697f7e6a002d53fd5bec,pay_SAwkLb8CVVY3BN,IOT Sparks,ASHWAMEDHA,ash_61439,697f7e69002845a8eb20,,,
697f73ca000933321e36,pay_SAvyEblsV9dc7R,SAMAGRA 3.O,ASHWAMEDHA,ash_64054,697f73c9000410104717,,,
697f73b600268ef8fa9a,pay_SAvxrEC1IK6Wsk,Intellisense,ASHWAMEDHA,brah_72519,697f73b5002387b30567,,,
697f717e001602a3ddd9,pay_SAvnR1Frn8m4AS,SAMAGRA 3.O,ASHWAMEDHA,ash_23614,697f717d00110bc765f5,,,
697f62e5002694e058a4,pay_SAuk2EMC9fC3Hd,IOT Sparks,ASHWAMEDHA,ash_61714,697f62e4001cc0e2ac57,,,
697f60ca001cdc6fec8f,pay_SAuacIJosj4pgx,V-Raya,ASHWAMEDHA,brah_74176,697f60c9001501a7c441,,,
697f5f1100157e959d33,pay_SAuR3gLtlPPZ0o,V-Raya,ASHWAMEDHA,brah_82474,697f5f0f003d1856d1a0,,,
697f5e3b0011a07bdfe7,pay_SAuOaBNUUMSgSw,V-Raya,ASHWAMEDHA,brah_65915,697f5e3a00007cd78909,,,
697f520e00034c6756b2,pay_SAtWE1TmB1eOzg,N8N Workshop,ASHWAMEDHA,ash_49629,697f520d0000f19adec3,,,
697f4761000984af0dff,pay_SAsk6DAGsNJ4dX,Infinity castle,ASHWAMEDHA,ash_41247,697f476000070f2d84c9,,,
697f13e10008fc063cc1,pay_SAp0Bpv78CrqI4,N8N Workshop,ASHWAMEDHA,ash_83516,697f13e0000445cc595c,,,
697ed37200106b0980cf,pay_SAkJAPCHLD8tL6,Infinity castle,ASHWAMEDHA,ash_66127,697ed371000cebb1c3ea,,,
697eb8e20009bcb8c517,pay_SAiNnXchDhzOCg,N8N Workshop,ASHWAMEDHA,ash_28331,697eb8e0003e1d6d0e2e,,,
697e44170013c921a686,pay_SAZtTuUGqC6lcx,Vibe Forge,ASHWAMEDHA,brah_81140,697e441600112bea448d,,,
697e410100125faae007,pay_SAZfXfCnuc6RmH,SAMAGRA 3.O,ASHWAMEDHA,ash_73200,697e4100000d8923f902,,,
697e3ce500076d748015,pay_SAZJqRHHfxgEFY,Intellisense,ASHWAMEDHA,ash_96614,697e3ce40004976c3491,,,
697e348a00387a5678d5,pay_SAYlMgugLXpf3T,SAMAGRA 3.O,ASHWAMEDHA,ash_67173,697e348900333ffeabb0,,,
697e33c8003107ef8d93,pay_SAYhrxgKL8ZzLM,IOT Sparks,ASHWAMEDHA,ash_29019,697e33c7002e8231ce4b,,,
697e32fe0008a42e3aad,pay_SAYeUJuqCAny98,IOT Sparks,ASHWAMEDHA,ash_78272,697e32fd00051b6fbb5b,,,
697e32dd0022a9cc96db,pay_SAYb1A4GSIjuCY,Gokart workshop,ASHWAMEDHA,ash_36146,697e32dc001d47b4d105,,,
697e32010019b3555f37,pay_SAYZzSccNQwr4C,Gokart workshop,ASHWAMEDHA,brah_91688,697e320000164d713736,,,
697e17940034c41b6edf,pay_SAWf486lpbGMUP,SAMAGRA 3.O,ASHWAMEDHA,ash_48160,697e1793002cc23ac041,,,
697e101000050bca8b0f,pay_SAW6iBZZTCYgI0,SAMAGRA 3.O,ASHWAMEDHA,ash_70753,697e100e001efbc38960,,,
697e0f4a00216f2d0bff,pay_SAW3BbGPdoL5Ex,SAMAGRA 3.O,ASHWAMEDHA,ash_14884,697e0f49001c87b7846a,,,
697e0e850014ab60e9f8,pay_SAVzrBFVKvZzfC,IOT Sparks,ASHWAMEDHA,brah_10249,697e0e84000deebcb300,,,
697e0c72001650e7ba99,pay_SAVqWhokhumitR,N8N Workshop,ASHWAMEDHA,ash_23030,697e0c71000ee31d2729,,,
697e0c63002fac02074e,pay_SAVqCy1cPAxiqR,N8N Workshop,ASHWAMEDHA,ash_47254,697e0c61003ace1bb0f7,,,
697e09e1000df9495716,pay_SAVektMurVOeg5,N8N Workshop,ASHWAMEDHA,ash_60760,697e09e00007f31392cc,,,
697dfaaf00325275fd3e,pay_SAUWzrpdZIINqi,N8N Workshop,ASHWAMEDHA,ash_27415,697dfaae002d19404de7,,,
697df86e0026dd082ae2,pay_SAUOUFvew6XLe6,AutoCAD Workshop,ASHWAMEDHA,brah_74450,697df86d0023cebd4263,,,
697df6b8001dca0632dc,pay_SAUGJaT0nvPkWo,SAMAGRA 3.O,ASHWAMEDHA,ash_51483,697df6b7001901bca70a,,,
697dea0c003c433fb2c9,pay_SATLPPhnvW54H1,IOT Sparks,ASHWAMEDHA,ash_20541,697dea0b003808a44fe0,,,
697ddc660039000c0339,pay_SASMDwIwrQPqks,SAMAGRA 3.O,ASHWAMEDHA,ash_90971,697ddc6500365d6b4d1a,,,
697dd4fc00079b858154,pay_SARoiMqUymLtoN,IOT Sparks,ASHWAMEDHA,ash_55629,697dd4fb0005bd311529,,,
697dd3eb00015a555322,pay_SARk7YDmKHybcf,SAMAGRA 3.O,ASHWAMEDHA,ash_42551,697dd3e9003bfc0f331e,,,
697d8a9e00352e0db336,pay_SAMPaHtXmPKPo6,N8N Workshop,ASHWAMEDHA,ash_71809,697d8a9d0031ea49eeac,,,
697d89720003a40c39de,pay_SAMKKOele2ehl0,Capture The Flag,ASHWAMEDHA,bra_93566,697d897100002671f94d,,,
697d85fc0026d0e6d943,pay_SAM4Ij1Mr6ry7L,N8N Workshop,ASHWAMEDHA,ash_21634,697d85fb00242c1acf2c,,,
697d7ac600063aa44e90,pay_SALGAFPo9VLKYm,Challenger Arena (feb 5),ASHWAMEDHA,bra_93566,697d7ac4001dc79d7869,,,
697d5a9c00134733c417,pay_SAIsk1SRPufJ8A,IOT Sparks,ASHWAMEDHA,brah_18061,697d5a9b000f39e5b8cb,,,
697cfa5d000de06119c8,pay_SA9pPvfDhcXw7A,IOT Sparks,ASHWAMEDHA,ash_45464,697cdd9e0025d9970790,,,
697cf61b0015d394f45e,pay_S9YK2I5ZMxA04h,SAMAGRA 3.O,ASHWAMEDHA,ash_84117,697cf61b0027d8403aa0,,,
697cf5f0003422e07ecf,pay_SAAtgs8otrvvHT,Guess the gibberish,ASHWAMEDHA,ash_28274,697cec48003cba3a3e48,,,
697cf437000dcc7b36bc,pay_SAA5rdOahB9IU4,AutoCAD Workshop,ASHWAMEDHA,ash_86283,697ce14c002f5f25027d,,,
697cf2df0022a954c379,pay_SABNc3KctsYz6D,AutoCAD Workshop,ASHWAMEDHA,ash_58243,697cf2de001f0df2bc08,,,
697ce74400135e7c0b35,pay_SAAXCR9sVUWLHt,IOT Sparks,ASHWAMEDHA,ash_52960,697ce74300036cf4f1f5,,,
697ce48800084fa1c54a,pay_SAAL0jyZhSnjM1,Structostick,ASHWAMEDHA,ash_58177,697ce4870004bac03be1,,,
697cce66002f945564d1,pay_SA8jR5zJ43RtrZ,IOT Sparks,ASHWAMEDHA,ash_16710,697cce65001ab0edeb1f,,,
697cc90600083594736f,pay_SA8K1oz1Jml2Ng,IOT Sparks,ASHWAMEDHA,brah_93334,697cc903000f6e78d4da,,,
697cc6e70011a043f954,pay_SA8BUVMcmrhmZc,CODE RED CLUES (ESCAPE ROOM),ASHWAMEDHA,brah_48764,697cc6e6000e52d62457,,,
697cc2910000cf38d555,pay_SA7rv1hbFyCEX1,AutoCAD Workshop,ASHWAMEDHA,ash_34384,697cc28f003b3ffe6358,,,
697cc2090003ead9a060,pay_SA7pQWQW8dU1NT,AutoCAD Workshop,ASHWAMEDHA,ash_39772,697cc207003d9f979b59,,,
697cb69e00304b3166ea,pay_SA7097L2QGAl4M,Capture The Flag,ASHWAMEDHA,brah_22260,697cb69d0029bd4ba127,,,
697caec500248c7a50aa,pay_SA6QabujhsHqhd,AutoCAD Workshop,ASHWAMEDHA,ash_31915,697caec400206ac30659,,,
697cab80003b4f7b63d9,pay_SA6C2WiAH3FKoM,SAMAGRA 3.O,ASHWAMEDHA,ash_16919,697cab7f0037b81bc351,,,
697caa6c002510e850b0,pay_SA678zxvLB06je,AutoCAD Workshop,ASHWAMEDHA,ash_56676,697caa6b0023424453c1,,,
697caa0600203715a330,pay_SA65IPsoXI85nB,AutoCAD Workshop,ASHWAMEDHA,ash_27741,697caa05001cec6f7fea,,,
697c8e2c000051886de4,pay_SA43mY2deKnZpo,IOT Sparks,ASHWAMEDHA,ash_33962,697c8e2a003c88e70579,,,
697c8a42003077f3f335,pay_SA3lmACSLIAdfA,IOT Sparks,ASHWAMEDHA,ash_25006,697c8a41002d8bb96480,,,
697c86e4000eebe751e3,pay_SA3WQKU1KONoEY,IOT Sparks,ASHWAMEDHA,ash_75843,697c86e3000942b978bc,,,
697c5e1b00083be7edc3,pay_SA0Z6fcU5ei8zV,N8N Workshop,ASHWAMEDHA,ash_69864,697c5e1a0004e869315c,,,
697c55d3002da35cfac9,pay_S9zxlBiFo8tooG,AutoCAD Workshop,ASHWAMEDHA,ash_93920,697c55d2000e081af235,,,
697c39820013e387e2a3,pay_S9xuCxKfB4EA7V,Carnival nexus (feb 5),ASHWAMEDHA,ash_28274,697c3981000e62926aef,,,
697ba66200354170ef95,pay_S9nDI4C8tsN6WU,Intellisense,ASHWAMEDHA,brah_18432,697ba661002e61f21efa,,,
697b969c001dacbd2bb9,pay_S9m42HpsvHbyVn,Capture The Flag,ASHWAMEDHA,ash_90542,697b969b00145a98500a,,,
697b8930001494efcc4d,pay_S9l5IM2tMKkTEE,N8N Workshop,ASHWAMEDHA,ash_53523,697b892f0001f7d4062c,,,
697b880d00069abf2fe0,pay_S9l0QajbAhkUPl,Turing Trails,ASHWAMEDHA,ash_49009,697b880b00367e1de463,,,
697b86b00003b5826dc3,pay_S9kuDzHQ4jvKFN,Carnival nexus (feb 5),ASHWAMEDHA,ash_46717,697b86ae0039454370bb,,,
697b85c400241a6680f7,pay_S9kq7GADE6nFaD,Eyes Off,ASHWAMEDHA,ash_49009,697b85c0002a004de80d,,,
697b820800027bed3574,pay_S9kZ8vUmHglC18,Carnival nexus (feb 5),ASHWAMEDHA,brah_91798,697b82060028aec4e8fa,,,
697b8192002431d6a188,pay_S9kWk2FIlIJqwD,N8N Workshop,ASHWAMEDHA,ash_94588,697b8191000c38f8a1b7,,,
697b7c5400045f170f58,pay_S9k9XMKavKhvZe,Control Code - ESP32 & Raspberry Pi Workshop,ASHWAMEDHA,ash_72718,697b7c52003ba358fa1a,,,
697b7ba0001ae72425b2,pay_S9k5625hzhhBOd,Gokart workshop,ASHWAMEDHA,ash_82990,697b7b9f0017cb192a46,,,
697b7ac60012a1d5792d,pay_S9k2GV6GskS8rj,Gokart workshop,ASHWAMEDHA,ash_25866,697b7ac5000cf02babe9,,,
697b773a002c4e328e27,pay_S9jlqxsudkEkVH,Gokart workshop,ASHWAMEDHA,ash_28832,697b77390028915dfd05,,,
697b7702002ec9b2c229,pay_S9jlZhblZUrwZq,Intellisense,ASHWAMEDHA,ash_34774,697b77010028d0fd3a48,,,
697b76f2003206db2611,pay_S9jlE0xEsTJcbE,Intellisense,ASHWAMEDHA,brah_38586,697b76f1002e19d3e7a5,,,
697b7617001ff0f7954d,pay_S9jhOyaCKKrgfn,SAMAGRA 3.O,ASHWAMEDHA,ash_35936,697b76160018bc103974,,,
697b74b0000dd6e4753a,pay_S9jb246nW99zOe,AutoCAD Workshop,ASHWAMEDHA,ash_76621,697b74af0009398bc2bd,,,
697b74af003228e36dea,pay_S9jal7FBXcjIkS,Gokart workshop,ASHWAMEDHA,ash_30896,697b74ae002e6acc15b4,,,
697b74350027b8009643,pay_S9jYt8uSohvcpY,Gokart workshop,ASHWAMEDHA,ash_34850,697b743400237f9143c1,,,
697b727500313478f908,pay_S9jR5B7njYukFU,AutoCAD Workshop,ASHWAMEDHA,ash_40512,697b7274002af349de45,,,
697b717f001981176518,pay_S9jMiqDCtyujGc,Gokart workshop,ASHWAMEDHA,ash_71247,697b717e00027274932a,,,
697b701400116d19e150,pay_S9jGElYSXr42U1,Intellisense,ASHWAMEDHA,ash_12816,697b7013000f565a04bc,,,
697b6b86000619482c19,pay_S9iw0Vf8N4wAe4,Carnival nexus (feb 5),ASHWAMEDHA,brah_59393,697b6b84003e0fd11be9,,,
697b6a25002deef149f3,pay_S9ipo09iCXI214,Intellisense,ASHWAMEDHA,ash_46717,697b6a240028ee5e678d,,,
697b689a003c19851c0c,pay_S9iicMaljyizCy,AutoCAD Workshop,ASHWAMEDHA,ash_78366,697b6899003806b69e4a,,,
697b64c7001d40b8ccaf,pay_S9iRNT0oiZeYEc,Intellisense,ASHWAMEDHA,ash_60961,697b64c60016dea5020d,,,
697b648b00075fbbae53,pay_S9iQDXwlbz7107,Intellisense,ASHWAMEDHA,ash_70864,697b648a00028912dc08,,,
697b5fc8001c03b84b6f,pay_S9i55Sd0fMzOEW,Intellisense,ASHWAMEDHA,ash_86859,697b5fc700139633e2f8,,,
697b5f1a0038ea3b2fca,pay_S9i1qmhOZsvldw,N8N Workshop,ASHWAMEDHA,ash_89402,697b5f190034b2d3c9e7,,,
697b535f0018c14aa203,pay_S9hAz4TUzBDGnV,Intellisense,ASHWAMEDHA,ash_61154,697b535e00152a58d21f,,,
697b51df003c9804f1ee,pay_S9h4D7StPdDreg,Intellisense,ASHWAMEDHA,ash_34428,697b51de000ab715c0a8,,,
697b348200265b83c258,pay_S9evoPCAeJcFTu,Eyes Off,ASHWAMEDHA,brah_52968,697b3481001f1773e1de,,,
697b1c420039e0b2cf4f,pay_S9dAkdPwCUdQwx,SAMAGRA 3.O,ASHWAMEDHA,ash_41900,697b1c4100284cf42a81,,,
697b15ec0035854bd28d,pay_S9chzQDpaZGN6t,Capture The Flag,ASHWAMEDHA,ash_85747,697b15eb002ccde80888,,,
697a47770003f33bac03,pay_S9NhSvuVJ3PReR,Control Code - ESP32 & Raspberry Pi Workshop,ASHWAMEDHA,brah_74534,697a4775003b43f67f8b,,,
697a2be40031193eac82,pay_S9Lh9EMwtlYICW,Gokart workshop,ASHWAMEDHA,ash_55646,697a2be30023322ce8c6,,,
697a24e10023810b4311,pay_S9LBRQ4HckUtDn,Eyes Off,ASHWAMEDHA,ash_40132,697a24df000e1a38c32a,,,
697a18fa00217e389bad,pay_S9KJxgVJlUkwka,Intellisense,ASHWAMEDHA,ash_60886,697a18f9001d28f06f1f,,,
697a026d003920fe8f1f,pay_S9IgI3taE74ubU,N8N Workshop,ASHWAMEDHA,ash_27949,697a026c00359753ae49,,,
6979f466002805724cbf,pay_S9Hf1PXdjM5MUc,Led Making,ASHWAMEDHA,brah_23196,6979f46500236eacdf35,,,
6979d556001854867433,pay_S9FPIMOGUBCYQM,Gokart workshop,ASHWAMEDHA,ash_53750,6979d55500137442ac07,,,
6979c39e0027256aff90,pay_S9E7S72C0FTSHV,Control Code - ESP32 & Raspberry Pi Workshop,ASHWAMEDHA,ash_77781,6979c39d00218087af80,,,
6979c26d00171d7970cc,pay_S9E24gw724mZIJ,Control Code - ESP32 & Raspberry Pi Workshop,ASHWAMEDHA,ash_86182,6979c26c00116bcc382c,,,
6979b602000ada3a34bb,pay_S9D7GbSzpQvPuq,Led Making,ASHWAMEDHA,ash_46033,6979b601000718712406,,,
6979b533001799cc1ff4,pay_S9D46G14gIum9o,Control Code - ESP32 & Raspberry Pi Workshop,ASHWAMEDHA,ash_14941,6979b53200124e244f49,,,
6979afd9003be0817aa6,pay_S9CgMIyc5g0QpP,Eyes Off,ASHWAMEDHA,ash_50092,6979afd80037109c6ee6,,,
6979a9e7000587b4f7c2,pay_S9CFMIrHlfOHIM,Led Making,ASHWAMEDHA,brah_62143,6979a9e600003f397378,,,
6979a59c002087431d4e,pay_S9BvuPjlpaQdWc,Control Code - ESP32 & Raspberry Pi Workshop,ASHWAMEDHA,ash_23635,6979a59b001ba113a6ed,,,
6979a48e000a0857c383,pay_S9BrIi1HC07wUy,Control Code - ESP32 & Raspberry Pi Workshop,ASHWAMEDHA,ash_58138,6979a48d00023f14614c,,,
6979a38d001a133ef575,pay_S9Bmw0zUCXkWgL,Control Code - ESP32 & Raspberry Pi Workshop,ASHWAMEDHA,ash_69042,6979a38c00129ad0cae4,,,
6979a38b0029a03a4e62,pay_S9BmYyn7wlHRMC,Control Code - ESP32 & Raspberry Pi Workshop,ASHWAMEDHA,ash_65057,6979a38a00198e4b3ff5,,,
6979a35c002de4adb77b,pay_S9BlmtfgXsAmrG,Control Code - ESP32 & Raspberry Pi Workshop,ASHWAMEDHA,ash_37054,6979a35b00275d679e93,,,
6979a2ce003c7750a8e6,pay_S9Bja7LD9n0soZ,Control Code - ESP32 & Raspberry Pi Workshop,ASHWAMEDHA,ash_43190,6979a2cd0032de16219e,,,
6979a2a6003c81d0f8b4,pay_S9BiK56IvUN07d,Control Code - ESP32 & Raspberry Pi Workshop,ASHWAMEDHA,ash_75794,6979a2a5003251d3d361,,,
6979a20b0034b693c04b,pay_S9Ban91IOlqYqm,Control Code - ESP32 & Raspberry Pi Workshop,ASHWAMEDHA,ash_47126,6979a20a002c4c93fcb9,,,
6978f7cd001b69a79e6a,pay_S8zIe5IOJ5R7uZ,Eyes Off,ASHWAMEDHA,ash_14974,6978f7cc0011b7f98f63,,,
6978f2040033bf2981bb,pay_S8ysXNjxlP1Nq4,AutoCAD Workshop,ASHWAMEDHA,ash_85022,6978f2030028947fc457,,,
6978e1700013ddde67bd,pay_S8xfwICWQiefrE,Intellisense,ASHWAMEDHA,ash_40346,6978e16e0026e8dfc12e,,,
6978d7cc002edca6c780,pay_S8wyJYDwDrTwxg,Intellisense,ASHWAMEDHA,ash_71116,6978d7cb0028229796c1,,,
6978b8f9001dd1ca648c,pay_S8ujRhsziqr1qb,Eyes Off,ASHWAMEDHA,ash_88922,6978b8f800197b5ef96c,,,
6978aaeb003c0bd55ab2,pay_S8tiEhpsoQhT9n,Control Code - ESP32 & Raspberry Pi Workshop,ASHWAMEDHA,ash_52926,6978aaea0036a25327da,,,
697889e40029cee539e3,pay_S8rHIbN1fMwUJ6,AutoCAD Workshop,ASHWAMEDHA,ash_16218,697889e300259577d9c3,,,
6978803f001e35a594d2,pay_S8qbockJYa5rxm,AutoCAD Workshop,ASHWAMEDHA,ash_60961,6978803e0017c3e8b294,,,
6978600e0013dd18f9fb,pay_S8oGjMggOKGUUN,AutoCAD Workshop,ASHWAMEDHA,ash_53490,6978600d001066d10c1c,,,
69785e6200019cfd2690,pay_S8o9O7esHCJheq,Eyes Off,ASHWAMEDHA,ash_56006,69785e60003ac8e44931,,,
69785885003826e9df3f,pay_S8niXueZvmywls,Infinity castle,ASHWAMEDHA,ash_72369,69785884002d5753a349,,,
69784f4a0019a8e8c13e,pay_S8n3Hfa9emiGlv,Eyes Off,ASHWAMEDHA,ash_98845,69784f49001171b2e1cb,,,
69784bc7002cde0d9bd7,pay_S8mnBx8G1CYyzv,Capture The Flag,ASHWAMEDHA,brah_53119,69784bc600297aa386d7,,,
697849d300011beae4a9,pay_S8meVn0ug40Dap,Control Code - ESP32 & Raspberry Pi Workshop,ASHWAMEDHA,ash_84557,697849d1003a51ebd1af,,,
69779e67001620315e11,pay_S8aBu8OwkzkwYP,AutoCAD Workshop,ASHWAMEDHA,ash_51858,69779e66001026ed2c65,,,
69779185003a1e999902,pay_S8ZG4JrYrbLMie,Line Follower Competition,ASHWAMEDHA,ash_84555,69779184002057d85ee5,,,
69779045003b25a9c132,pay_S8ZAAVwrUDIJBz,Led Making,ASHWAMEDHA,brah_76577,69779044002810c72e46,,,
69778a13000d15986ee2,pay_S8YiVrGHOVZXG1,AutoCAD Workshop,ASHWAMEDHA,brah_76754,69778a110039e3abbd96,,,
697787e9002042e1355d,pay_S8YYjYl7sCSNLf,Capture The Flag,ASHWAMEDHA,ash_94360,697787e70030cd48d438,,,
697786d800194d769e2c,pay_S8YTmqLPeRRu7G,AutoCAD Workshop,ASHWAMEDHA,ash_93207,697786d70012b8734ef1,,,
69777df60022039dfe0a,pay_S8XpuFpz4jOpuJ,Eyes Off,ASHWAMEDHA,brah_59393,69777df500055eba4c84,,,
69777ba10029d97cd4e4,pay_S8XfBXXlpjgZ7O,Capture The Flag,ASHWAMEDHA,ash_60772,69777ba00016e383f645,,,
69777b3a00222f4df14a,pay_S8XdXKlaNSfop5,Asthra,ASHWAMEDHA,brah_12271,69777b390015885b215d,,,
69777b370026b6acb3e8,pay_S8XdGGdibDc6TK,Gokart workshop,ASHWAMEDHA,ash_23894,69777b36001e9457981a,,,
697779f400269fd35c60,pay_S8XXcj2vFAawnN,Gokart workshop,ASHWAMEDHA,ash_71697,697779f30015e1d4b9c2,,,
6977765c0000abefdc56,pay_S8XHKX35URUqEp,AutoCAD Workshop,ASHWAMEDHA,ash_88106,6977765a00342e38d030,,,
69777326003d1f1fc673,pay_S8X31rMQvCWseX,AutoCAD Workshop,ASHWAMEDHA,ash_84446,6977732500323e21174b,,,
697772b8003e4135fa63,pay_S8X0UTLRDcWH4h,Gokart workshop,ASHWAMEDHA,ash_61609,697772b700350a5d75e8,,,
69776d5e0000da75b9cd,pay_S8Wcvhcua0CwLr,Gokart workshop,ASHWAMEDHA,ash_68684,69776d5c0033e5676563,,,
69776cdc001f70a8315d,pay_S8WaeHSe1BEVBs,Gokart workshop,ASHWAMEDHA,ash_19119,69776cdb0014871be85c,,,
697760dc003a29345959,pay_S8ViYvjwOAU5gh,Led Making,ASHWAMEDHA,brah_37110,697760db002f0b1db0de,,,
69775c78001e184870dd,pay_S8VOeEvHrFUjP7,AutoCAD Workshop,ASHWAMEDHA,ash_88943,69775c770016db37806c,,,
6977596e00097ffc789e,pay_S8VB7A5NYc8AUs,Gokart workshop,ASHWAMEDHA,brah_65422,6977596d000480f36c45,,,
697758490023382b39f7,pay_S8V5sEzV3Y8QUV,Led Making,ASHWAMEDHA,ash_64824,69775848000a9a0746ea,,,
697751e4000e11dfdc11,pay_S8Ud0DUGqJ4XBA,AutoCAD Workshop,ASHWAMEDHA,ash_60626,697751e30006e5b6211a,,,
69774df9003c25da3442,pay_S8ULONgm3y7xD9,AutoCAD Workshop,ASHWAMEDHA,ash_95610,69774df80037f770ef8c,,,
69774cb80014fcaa773f,pay_S8UFqBF9R6njFz,Control Code - ESP32 & Raspberry Pi Workshop,ASHWAMEDHA,brah_46006,69774cb7000fa9614a83,,,
6977487100166fa23f1a,pay_S8TwY09JoFiCOX,AutoCAD Workshop,ASHWAMEDHA,ash_23716,69774870001188b6989d,,,
69773254001ed1e0df3d,pay_S8SK4rNVsIrtvA,Control Code - ESP32 & Raspberry Pi Workshop,ASHWAMEDHA,brah_52968,69773253001b1ba0fa9a,,,
697731cd00346c23fb21,pay_S8SIO4Wz6aIERZ,Control Code - ESP32 & Raspberry Pi Workshop,ASHWAMEDHA,ash_93071,697731cc003054b40d3e,,,
6977263400157449f218,pay_S8RRy42oVBQnuS,Line Follower Competition,ASHWAMEDHA,brah_11810,69772633000d0698516e,,,
69771621002d574f678e,pay_S8QHiyqfloXtfw,Vibe Forge,ASHWAMEDHA,ash_10031,6977162000290af5957d,,,
697707e0000ee7c67ebf,pay_S8PF5FFipM5flq,Led Making,ASHWAMEDHA,ash_14974,697707df000ae77f7c16,,,
6976badf0006aa529cf6,pay_S7o6Zu4VXkeooK,CODE RED CLUES (ESCAPE ROOM),ASHWAMEDHA,brah_27243,6976badf001f319ba43b,,,
6976ba6d00201d2992ed,pay_S8JcMuEGMiyM3B,Led Making,ASHWAMEDHA,ash_77935,6976ba6c001a5335b6d9,,,
697641ff001148493534,pay_S8ArbT6YuRkpbr,Led Making,ASHWAMEDHA,ash_31342,697641fd003787a14fb6,,,
6976389f002d0612d212,pay_S8ABQ8QRjlBqmG,AutoCAD Workshop,ASHWAMEDHA,ash_60674,6976389e0021fe0acb79,,,
697626560018765796f5,pay_S88qr6YlDJ98JL,Intellisense,ASHWAMEDHA,ash_80341,697626550012a17d7eaa,,,
69760cb1000d7dd5bdd1,pay_S86zbFm0IlXoGA,Line Follower Competition,ASHWAMEDHA,ash_90699,69760cb0000552d8e65f,,,
69760a0700393d1163fd,pay_S86nA71rTJU3ID,AutoCAD Workshop,ASHWAMEDHA,ash_21647,69760a0600346ac05a6c,,,
69760951003123eaa012,pay_S86kG70UWTnIyK,Guess the gibberish,ASHWAMEDHA,ash_68588,69760950002d678eb0a3,,,
69760838002db9e81c32,pay_S86f2YKf3BqGHp,Guess the gibberish,ASHWAMEDHA,brah_83356,69760837002ad0157dde,,,
6976007700006a71e3ee,pay_S866DzT4zHUF6r,Led Making,ASHWAMEDHA,ash_62421,697600750039c08edb41,,,
6975e47f00287fd758fb,pay_S843qAYYh4hsqz,Led Making,ASHWAMEDHA,ash_48965,6975e47e00213eec76e5,,,
6975c63b002200e3027c,pay_S81rWpAEeXPsIM,Led Making,ASHWAMEDHA,ash_74602,6975c63a001b1ea7620c,,,
6975b1e300024d794a24,pay_S80O9gUqzsnZAA,Led Making,ASHWAMEDHA,ash_97373,6975b1e1003a175d5dff,,,
6975a941000daec74783,pay_S7zkzUNjlLuOi8,Led Making,ASHWAMEDHA,brah_93235,6975a9400005da0c7b21,,,
6975a8fc00087116a3a6,pay_S7zk2xuqtrFTwY,Control Code - ESP32 & Raspberry Pi Workshop,ASHWAMEDHA,ash_93957,6975a8fb000269eb58ec,,,
6975a3ac0029f3e70165,pay_S7zLyWcaYdZtIT,Led Making,ASHWAMEDHA,ash_49348,6975a3ab0023f1b3b429,,,
6975a0b8002659e34b49,pay_S7z8mZGRNxmxd9,Led Making,ASHWAMEDHA,ash_50505,6975a0b70020deb95979,,,
697597a7001154f4cfb4,pay_S7yTx8UdOSa7jQ,Led Making,ASHWAMEDHA,brah_11883,697597a6000209f6c7f0,,,
697593b0002369bb4903,pay_S7yBrmoPXl0SDP,Intellisense,ASHWAMEDHA,ash_44733,697593af001b948a6c3f,,,
6974700c00092398b582,pay_S7L0KhSSAc79VF,SAMAGRA 3.O,ASHWAMEDHA,ash_71986,6974700c00241181d72e,,,
69842c0100326e397ae0,pay_SCLnvfzxpRnxIo,Unknown Event,Unknown Fest,ash_34531,69842c00002f8ca188c5,,,
69841a78002226a0d071,pay_SCKWt2BGgx1B7C,Unknown Event,Unknown Fest,ash_70892,69841a770019b54ad495,,,
69833855003354f61722,pay_SC45HTJQvP9sos,Unknown Event,Unknown Fest,brah_50935,6983384700386be08a1b,,,
69833849000879b2eb7e,pay_SC45HTJQvP9sos,Unknown Event,Unknown Fest,brah_50935,6983384700386be08a1b,,,
69832b070036da9c79a1,pay_SC37GMFeSyK6ev,Unknown Event,Unknown Fest,brah_36151,69832af70021aa4a200c,,,
69832af8002b93ed5b9d,pay_SC37GMFeSyK6ev,Unknown Event,Unknown Fest,brah_36151,69832af70021aa4a200c,,,
698236620000f0105f6a,pay_SBgXD9mPThHWMb,Unknown Event,Unknown Fest,brah_65070,6982366200140adf145b,,,
69820b95002fc8a8acef,pay_SBiDivs3ktR31S,Unknown Event,Unknown Fest,ash_61154,69820b83000ae92ea706,,,
69820b84000ec9873db4,pay_SBiDivs3ktR31S,Unknown Event,Unknown Fest,ash_61154,69820b83000ae92ea706,,,
69818cf00008e0b11b4d,pay_SBZ1FNvm7sJM86,Unknown Event,Unknown Fest,ash_78283,69818cef0006261848d7,,,
69816af600051683eb3f,pay_SBWXqzZUpan6yo,Unknown Event,Unknown Fest,brah_44107,69816ae50024d559746e,,,
69816ae6002b0e569193,pay_SBWXqzZUpan6yo,Unknown Event,Unknown Fest,brah_44107,69816ae50024d559746e,,,
6980c47c000d5befaaae,pay_SBKRhHgtglLgNd,Unknown Event,Unknown Fest,ash_81024,6980c47b000a6fd949af,,,
6980aa7b002eac761378,pay_SBIYLXHHhz2Jtr,Unknown Event,Unknown Fest,ash_22843,6980aa7a0029ee6bd804,,,
69807689001ffe7e3692,pay_SBEmKqK6ofBXWU,Unknown Event,Unknown Fest,brah_55248,69807688002d944418ae,,,
697f4891001599f449c1,pay_SAspDbiRdTCN4s,Unknown Event,Unknown Fest,brah_73779,697f4882001e5d3de6a7,,,
697f4883002188237a15,pay_SAspDbiRdTCN4s,Unknown Event,Unknown Fest,brah_73779,697f4882001e5d3de6a7,,,
697f12c6001b28ba35aa,pay_SAoul0LcSSJt5v,Unknown Event,Unknown Fest,brah_86368,697f12b40016093c0cf5,,,
697f12b5001b29875646,pay_SAoul0LcSSJt5v,Unknown Event,Unknown Fest,brah_86368,697f12b40016093c0cf5,,,
697e4e810008050096fd,pay_SAaeHD4rIuSOwp,Unknown Event,Unknown Fest,brah_85072,697e4e74002a09605427,,,
697e4e75002d588e9694,pay_SAaeHD4rIuSOwp,Unknown Event,Unknown Fest,brah_85072,697e4e74002a09605427,,,
697b4645003e42c5bc47,pay_S9gDxKgYjkUT3s,Unknown Event,Unknown Fest,brah_46125,697b4644003aebf8ff1f,,,
697b4472000e5c9a2730,pay_S9g4orZtJKX9Pg,Unknown Event,Unknown Fest,brah_56123,697b447100099e26e99b,,,
697b3d2800008f386f48,pay_S9fYpW0lyc8OUX,Unknown Event,Unknown Fest,brah_43065,697b3d260036b766a46a,,,
697ad9c6000754d2ed11,pay_S9YK2I5ZMxA04h,Unknown Event,Unknown Fest,ash_84117,697ad9c5000201b94c90,,,
6974f93f00149be888f1,pay_S6r65NoSpMfwXx,Unknown Event,Unknown Fest,brah_36671,6974f93f0030d91e6f76,,,
6974f70f000d4356fadb,pay_S7mnb4abK3kHuk,Unknown Event,Unknown Fest,brah_78462,6974f70e00140903b5ca,,,
697239e0001bccd87c34,pay_S6xpekLhQQh8cE,Unknown Event,Unknown Fest,brah_53199,697239de0003d1f3a029,,,
696f9e4d00259e1c9409,pay_S6BJ3BgS7eNXun,Unknown Event,Unknown Fest,ash_29333,696f9e4c002a791a030b,,,
696f453a003e4decca13,pay_S64paoPbvlIkmt,Unknown Event,Unknown Fest,ash_29333,696f453a0008bae5a5ae,,,
696f25b60003bdb294b6,pay_S62XNrg6TY5wrq,Unknown Event,Unknown Fest,brah_66301,696f25b5000f33d643e1,,,
696f24e400134128752c,pay_S62TY7GGgb6bmx,Unknown Event,Unknown Fest,brah_85218,696f24e3001c45c26896,,,
696b956a003bd0462814,pay_S4yDp7b18Q4YqZ,Unknown Event,Unknown Fest,ash_29333,696b956a001e70735000,,,
696b9151000254c0f353,pay_S4xvMJrqGY4Wo6,Unknown Event,Unknown Fest,ash_29333,696b9150002696741be6,,,
696b90b900330117a035,pay_S4xsgAQ6qcd5gK,Unknown Event,Unknown Fest,ash_29333,696b90b90019164de1f6,,,
696b9007001a3f006afc,pay_S4xpXuX4qiwjwz,Unknown Event,Unknown Fest,ash_29333,696b9007000350b8d0ad,,,
696b8f27003d8f5e8c0c,pay_S4xlYqmVwbS7PQ,Unknown Event,Unknown Fest,ash_29333,696b8f270025928fa325,,,
696b6a69001f1a1a1708,pay_S4v5nB9Kv6Wt7X,Unknown Event,,ash_29333,696b6a68002adfc67a54,,,
696b5f23001a912da263,pay_S4uHAJ83zjmBYv,Unknown Event,Unknown Fest,ash_29333,696b5f220022f3f00182,,,
696b4b6c00290556a2ff,pay_S4sqLHHytyNOlA,Unknown Event,Unknown Fest,ash_29333,696b4b6c00113c5c6baf,,,
696b39260000570d950e,pay_S4rVzv9f85ehbi,Unknown Event,Unknown Fest,ash_29333,696b3925002766925238,,,
6969d3620008b355b25d,34343463536,Unknown Event,Unknown Fest,ash_36545,6969d36100124ba076cd,,,
sample,pay_SDLPZFAwW46gmN,FPGA WORKSHOP,BRAHMA,ash_72932,69877201S0357644749x,,,
